"","rowname","short","md5sum","MURI","L","R","MURI_num"
"1","237","MURI_16_SA13172_AGTTCC_L007_R1_001.fastq.gz","7a080b479d581024fabfa67f65fc4212","MURI_16 ","L007","R1",16
"2","238","MURI_16_SA13172_AGTTCC_L007_R2_001.fastq.gz","45b8bbbf4b57d0d3992dc9d0015249f5","MURI_16 ","L007","R2",16
"3","251","MURI_17_SA13172_ATGTCA_L007_R1_001.fastq.gz","d09d3713103eb70e1b0e424a3783c4f5","MURI_17 ","L007","R1",17
"4","252","MURI_17_SA13172_ATGTCA_L007_R2_001.fastq.gz","e33ff805d1e534663e850b83a5a2d2c1","MURI_17 ","L007","R2",17
"5","253","MURI_18_SA13172_CCGTCC_L007_R1_001.fastq.gz","20bbfec81042c6108f61a251d83bddae","MURI_18 ","L007","R1",18
"6","255","MURI_18_SA14008_CCGTCC_L007_R1_001.fastq.gz","f1c955794d9e610d3d8e14a6bdc17807","MURI_18 ","L007","R1",18
"7","257","MURI_18_SA14008_CCGTCC_L008_R1_001.fastq.gz","4468ef42cd66a36402d60545690a11cf","MURI_18 ","L008","R1",18
"8","254","MURI_18_SA13172_CCGTCC_L007_R2_001.fastq.gz","dee82bf7decab4c13a5fdff1fd4eb563","MURI_18 ","L007","R2",18
"9","256","MURI_18_SA14008_CCGTCC_L007_R2_001.fastq.gz","6b5aa70e366c963ced36474a11327279","MURI_18 ","L007","R2",18
"10","258","MURI_18_SA14008_CCGTCC_L008_R2_001.fastq.gz","af8ae9a5e542f6753b8073d9a6f8fbb4","MURI_18 ","L008","R2",18
"11","259","MURI_19_SA13172_GTCCGC_L007_R1_001.fastq.gz","19469092df938804eb04007b02ffc85f","MURI_19 ","L007","R1",19
"12","260","MURI_19_SA13172_GTCCGC_L007_R2_001.fastq.gz","5a57cb3a72053e8f67f971e1448b5885","MURI_19 ","L007","R2",19
"13","261","MURI_20_SA13172_GTGAAA_L007_R1_001.fastq.gz","ee9327c5474822db213f96ed05d636cb","MURI_20 ","L007","R1",20
"14","262","MURI_20_SA13172_GTGAAA_L007_R2_001.fastq.gz","10e460ca1182165898b85dff5dc75cfc","MURI_20 ","L007","R2",20
"15","263","MURI_21_SA13172_GTGGCC_L007_R1_001.fastq.gz","a88a495a1435f73c4f2d76177ce4d371","MURI_21 ","L007","R1",21
"16","264","MURI_21_SA13172_GTGGCC_L007_R2_001.fastq.gz","009658ea8da601f4c7907ab51f77148b","MURI_21 ","L007","R2",21
"17","267","MURI_22_SA15008_GTTTCG_L001_R1_001.fastq.gz","dd04caf40f417b55b6b69accbf5c9023","MURI_22 ","L001","R1",22
"18","265","MURI_22_SA13172_GTTTCG_L007_R1_001.fastq.gz","cbe535263c01f0190864d1dc3e94132b","MURI_22 ","L007","R1",22
"19","268","MURI_22_SA15008_GTTTCG_L001_R2_001.fastq.gz","5d8ff3a0df8af1ba01f12ff9de4647bf","MURI_22 ","L001","R2",22
"20","266","MURI_22_SA13172_GTTTCG_L007_R2_001.fastq.gz","36e6318c36a1a918b9d9f4f48dd965e4","MURI_22 ","L007","R2",22
"21","269","MURI_23_SA13172_CGTACG_L007_R1_001.fastq.gz","f74e99694e89a7a362a7d4481eaa2cb3","MURI_23 ","L007","R1",23
"22","271","MURI_23_SA14008_CGTACG_L007_R1_001.fastq.gz","39abd302e363a98bf3e3c5e855ce3bd2","MURI_23 ","L007","R1",23
"23","273","MURI_23_SA14008_CGTACG_L008_R1_001.fastq.gz","f8487c58819e532ed90a9ec0cd92368d","MURI_23 ","L008","R1",23
"24","270","MURI_23_SA13172_CGTACG_L007_R2_001.fastq.gz","6ce28b94a22764fc9d3cd605d7023ab1","MURI_23 ","L007","R2",23
"25","272","MURI_23_SA14008_CGTACG_L007_R2_001.fastq.gz","ee82f8b34c81778b6eb5385d1e8cb1cb","MURI_23 ","L007","R2",23
"26","274","MURI_23_SA14008_CGTACG_L008_R2_001.fastq.gz","f89c8952e132fc3f287df8e891df679a","MURI_23 ","L008","R2",23
"27","275","MURI_24_SA13172_GAGTGG_L007_R1_001.fastq.gz","f5c9d25ade149b366b0eb0853e62c4cc","MURI_24 ","L007","R1",24
"28","277","MURI_24_SA14008_GAGTGG_L007_R1_001.fastq.gz","550955f8261208d7af795a5abe8baa64","MURI_24 ","L007","R1",24
"29","279","MURI_24_SA14008_GAGTGG_L008_R1_001.fastq.gz","d69cd3e9f1baa95560563cc5727bd2d6","MURI_24 ","L008","R1",24
"30","276","MURI_24_SA13172_GAGTGG_L007_R2_001.fastq.gz","3ab9c2524b9e81eff77c8aca9374566f","MURI_24 ","L007","R2",24
"31","278","MURI_24_SA14008_GAGTGG_L007_R2_001.fastq.gz","44e246b5049c43ec27d26ea10882aaaa","MURI_24 ","L007","R2",24
"32","280","MURI_24_SA14008_GAGTGG_L008_R2_001.fastq.gz","2860bfbf0c79b3641c56778c5e77e84e","MURI_24 ","L008","R2",24
"33","281","MURI_25_SA14027_ATCACG_L006_R1_001.fastq.gz","fb095b23b7b06ffd9a6602dd53bfadf9","MURI_25 ","L006","R1",25
"34","282","MURI_25_SA14027_ATCACG_L006_R2_001.fastq.gz","36a6562e69d4b4fc7ae5a8c196f38938","MURI_25 ","L006","R2",25
"35","283","MURI_26_SA14027_TTAGGC_L006_R1_001.fastq.gz","ba91bf3e85ca471d4f3b2123e8f545ee","MURI_26 ","L006","R1",26
"36","284","MURI_26_SA14027_TTAGGC_L006_R2_001.fastq.gz","cfd7a7b0df34dba05a8ea9d505e48a2e","MURI_26 ","L006","R2",26
"37","285","MURI_27_SA14027_TGACCA_L006_R1_001.fastq.gz","c178ec005e9f797bcae0d22169db025c","MURI_27 ","L006","R1",27
"38","286","MURI_27_SA14027_TGACCA_L006_R2_001.fastq.gz","9ab50d520623408bc38c06cf957f98d5","MURI_27 ","L006","R2",27
"39","287","MURI_28_SA14027_ACAGTG_L006_R1_001.fastq.gz","17fc0b51426dbcc0fc4f895fe51c6f4e","MURI_28 ","L006","R1",28
"40","288","MURI_28_SA14027_ACAGTG_L006_R2_001.fastq.gz","4e65384bee14e8b1e4e94289ae6b6f2b","MURI_28 ","L006","R2",28
"41","289","MURI_29_SA14027_GCCAAT_L006_R1_001.fastq.gz","42e0a188ab56f577b50e000255472190","MURI_29 ","L006","R1",29
"42","290","MURI_29_SA14027_GCCAAT_L006_R2_001.fastq.gz","2b388c877d0dc6af8dbeb4c97a73a493","MURI_29 ","L006","R2",29
"43","291","MURI_30_SA14027_CAGATC_L006_R1_001.fastq.gz","2b4582816cbb44a9f514320515e45e1d","MURI_30 ","L006","R1",30
"44","292","MURI_30_SA14027_CAGATC_L006_R2_001.fastq.gz","f95a0b31d1fdb163c0d11dca2bedb8e0","MURI_30 ","L006","R2",30
"45","295","MURI_31_SA14043_ACTTGA_L001_R1_001.fastq.gz","284250ea50194cde854153f7b43c17ba","MURI_31 ","L001","R1",31
"46","293","MURI_31_SA14027_ACTTGA_L006_R1_001.fastq.gz","3d289595b7a5911da9e9103679ecc9e9","MURI_31 ","L006","R1",31
"47","296","MURI_31_SA14043_ACTTGA_L001_R2_001.fastq.gz","4bfdf6bbb1903f167e41bd5945cfda21","MURI_31 ","L001","R2",31
"48","294","MURI_31_SA14027_ACTTGA_L006_R2_001.fastq.gz","1a4bad6b454a10b52efd191cc28a6505","MURI_31 ","L006","R2",31
"49","297","MURI_32_SA14027_GATCAG_L006_R1_001.fastq.gz","725e9017f455d1916a77957db3c2d92a","MURI_32 ","L006","R1",32
"50","298","MURI_32_SA14027_GATCAG_L006_R2_001.fastq.gz","6da7aaa4a6a548f8b4201c375c2ac6ea","MURI_32 ","L006","R2",32
"51","299","MURI_33_SA14027_TAGCTT_L006_R1_001.fastq.gz","27138ee2d494bde89c8fabc9ef119f90","MURI_33 ","L006","R1",33
"52","300","MURI_33_SA14027_TAGCTT_L006_R2_001.fastq.gz","5019d12d843663cf50f6023f53cbc35f","MURI_33 ","L006","R2",33
"53","301","MURI_34_SA14043_AGTCAA_L002_R1_001.fastq.gz","08a1502f79b12ac54610495115832e30","MURI_34 ","L002","R1",34
"54","303","MURI_34_SA14043_AGTCAA_L003_R1_001.fastq.gz","81764ee50f5ae64a9e90898fecb08000","MURI_34 ","L003","R1",34
"55","302","MURI_34_SA14043_AGTCAA_L002_R2_001.fastq.gz","5fec3cbd7f3fc883fad44c21fae90894","MURI_34 ","L002","R2",34
"56","304","MURI_34_SA14043_AGTCAA_L003_R2_001.fastq.gz","5bd2f3a0ed6fbb0e6f2bd269e68b6901","MURI_34 ","L003","R2",34
"57","305","MURI_35_SA14043_AGTTCC_L002_R1_001.fastq.gz","e9185d5a197d12b69094f6b0b3874baa","MURI_35 ","L002","R1",35
"58","307","MURI_35_SA14043_AGTTCC_L003_R1_001.fastq.gz","58672be0d4eb37d52c4257e8b148b700","MURI_35 ","L003","R1",35
"59","306","MURI_35_SA14043_AGTTCC_L002_R2_001.fastq.gz","db70ec66708efebd6d557cbee45278e9","MURI_35 ","L002","R2",35
"60","308","MURI_35_SA14043_AGTTCC_L003_R2_001.fastq.gz","f5cd499445709e3ab6450195bd42e4ac","MURI_35 ","L003","R2",35
"61","309","MURI_36_SA14043_ATGTCA_L002_R1_001.fastq.gz","49a975d8bdef5ff2fab35dded7d0c8fb","MURI_36 ","L002","R1",36
"62","311","MURI_36_SA14043_ATGTCA_L003_R1_001.fastq.gz","487d677fb6301df166e4f4ee93a0e3e4","MURI_36 ","L003","R1",36
"63","310","MURI_36_SA14043_ATGTCA_L002_R2_001.fastq.gz","879fbeb5d66aeca492ba3e45256e38b1","MURI_36 ","L002","R2",36
"64","312","MURI_36_SA14043_ATGTCA_L003_R2_001.fastq.gz","f0c8224faf1b0aa0a98c8b9d00c09bf6","MURI_36 ","L003","R2",36
"65","313","MURI_37_SA14043_CCGTCC_L002_R1_001.fastq.gz","d4af02ead709eaef8e8047ec4dcbba00","MURI_37 ","L002","R1",37
"66","315","MURI_37_SA14043_CCGTCC_L003_R1_001.fastq.gz","cf3b50c96466277ae165f3458d25e28c","MURI_37 ","L003","R1",37
"67","314","MURI_37_SA14043_CCGTCC_L002_R2_001.fastq.gz","03c6885a333d2e4b09bcea3cf7b0421e","MURI_37 ","L002","R2",37
"68","316","MURI_37_SA14043_CCGTCC_L003_R2_001.fastq.gz","87577a6260c6a4554cc98ffe20515bd7","MURI_37 ","L003","R2",37
"69","317","MURI_38_SA14043_GTCCGC_L002_R1_001.fastq.gz","b647e4436262f7bf4b48877514cbaaa7","MURI_38 ","L002","R1",38
"70","319","MURI_38_SA14043_GTCCGC_L003_R1_001.fastq.gz","c8647c18c8ac3e6739258a35db4ace1d","MURI_38 ","L003","R1",38
"71","318","MURI_38_SA14043_GTCCGC_L002_R2_001.fastq.gz","38eeb34af33954c32d4c0681f7c7cc2d","MURI_38 ","L002","R2",38
"72","320","MURI_38_SA14043_GTCCGC_L003_R2_001.fastq.gz","d49e184003c329574cb6e683bc633bb5","MURI_38 ","L003","R2",38
"73","321","MURI_39_SA14043_GTGAAA_L002_R1_001.fastq.gz","fe198a21ffef8311d4979e1aa78cfb45","MURI_39 ","L002","R1",39
"74","323","MURI_39_SA14043_GTGAAA_L003_R1_001.fastq.gz","9860a69b4f422922d04c5b31e85fc100","MURI_39 ","L003","R1",39
"75","322","MURI_39_SA14043_GTGAAA_L002_R2_001.fastq.gz","8ee41a7cab4867ae2f201a448349df34","MURI_39 ","L002","R2",39
"76","324","MURI_39_SA14043_GTGAAA_L003_R2_001.fastq.gz","c1af3e57a81f60f3697c1cf46ca2be87","MURI_39 ","L003","R2",39
"77","325","MURI_40_SA14043_GTGGCC_L002_R1_001.fastq.gz","e6e1024d7341ef6545c057536f5be886","MURI_40 ","L002","R1",40
"78","327","MURI_40_SA14043_GTGGCC_L003_R1_001.fastq.gz","64f3fe339215f0cd1508fa24af989a9c","MURI_40 ","L003","R1",40
"79","326","MURI_40_SA14043_GTGGCC_L002_R2_001.fastq.gz","f9aea0507518e0aebb30002890f6dee6","MURI_40 ","L002","R2",40
"80","328","MURI_40_SA14043_GTGGCC_L003_R2_001.fastq.gz","554473bb775b52ab7e183ba186193ff6","MURI_40 ","L003","R2",40
"81","329","MURI_41_SA14043_ATTCCT_L002_R1_001.fastq.gz","3bce0cc5a05735bac88c8484ecd763fb","MURI_41 ","L002","R1",41
"82","331","MURI_41_SA14043_ATTCCT_L003_R1_001.fastq.gz","2fd98b3167d6b024a232878be5f8f3c6","MURI_41 ","L003","R1",41
"83","330","MURI_41_SA14043_ATTCCT_L002_R2_001.fastq.gz","3e6e3b937a3939a2c880a93ebb8c3bf7","MURI_41 ","L002","R2",41
"84","332","MURI_41_SA14043_ATTCCT_L003_R2_001.fastq.gz","527e0bdcbf69adc12bfa973438c55942","MURI_41 ","L003","R2",41
"85","333","MURI_42_SA14043_GAGTGG_L002_R1_001.fastq.gz","9b729d4c27502f4746b92dfd090bb431","MURI_42 ","L002","R1",42
"86","335","MURI_42_SA14043_GAGTGG_L003_R1_001.fastq.gz","e2a0b2f470a660ffb1d063904cb738c3","MURI_42 ","L003","R1",42
"87","334","MURI_42_SA14043_GAGTGG_L002_R2_001.fastq.gz","e9f42456572c6f4a2463d2c623bbbcd7","MURI_42 ","L002","R2",42
"88","336","MURI_42_SA14043_GAGTGG_L003_R2_001.fastq.gz","73ab049e9252bbe2e4e35b7174a696a7","MURI_42 ","L003","R2",42
"89","337","MURI_43_SA14140_GGCTAC_L004_R1_001.fastq.gz","25c4ac595215edee2de563bc96e29af3","MURI_43 ","L004","R1",43
"90","338","MURI_43_SA14140_GGCTAC_L004_R2_001.fastq.gz","b527abe2140238149ce81be39f4d1c29","MURI_43 ","L004","R2",43
"91","339","MURI_44_SA14140_CTTGTA_L004_R1_001.fastq.gz","3cfff02bcf5271363f14dfa776304c5e","MURI_44 ","L004","R1",44
"92","340","MURI_44_SA14140_CTTGTA_L004_R2_001.fastq.gz","215e7deb64796788b02a3c1d4fd93bd0","MURI_44 ","L004","R2",44
"93","341","MURI_45_SA14140_AGTCAA_L004_R1_001.fastq.gz","4fd309eeb9db7c9ce944a35414f824dc","MURI_45 ","L004","R1",45
"94","342","MURI_45_SA14140_AGTCAA_L004_R2_001.fastq.gz","170a65eae8fc8a72693ba7c207f28381","MURI_45 ","L004","R2",45
"95","343","MURI_46_SA14140_AGTTCC_L004_R1_001.fastq.gz","b7d41cd94fd6c865f00e7b7582e75072","MURI_46 ","L004","R1",46
"96","344","MURI_46_SA14140_AGTTCC_L004_R2_001.fastq.gz","742393e313072bcedddc80eaa7dd6c95","MURI_46 ","L004","R2",46
"97","347","MURI_47_SA15008_ATGTCA_L001_R1_001.fastq.gz","9146a69ebe457ebee4af72dfe79dab0f","MURI_47 ","L001","R1",47
"98","345","MURI_47_SA14140_ATGTCA_L004_R1_001.fastq.gz","55b4b8d1f822bc915e87fb5c4429596e","MURI_47 ","L004","R1",47
"99","348","MURI_47_SA15008_ATGTCA_L001_R2_001.fastq.gz","535e35ed1a0f1875967d3894c9d0318b","MURI_47 ","L001","R2",47
"100","346","MURI_47_SA14140_ATGTCA_L004_R2_001.fastq.gz","87410e185268d0d96311b5f53b510a94","MURI_47 ","L004","R2",47
"101","351","MURI_48_SA15008_CCGTCC_L001_R1_001.fastq.gz","721dabc27aa388faceeb68074f2817f5","MURI_48 ","L001","R1",48
"102","349","MURI_48_SA14155_CCGTCC_L008_R1_001.fastq.gz","83e98c4c03249c15671a335fd6c8f028","MURI_48 ","L008","R1",48
"103","352","MURI_48_SA15008_CCGTCC_L001_R2_001.fastq.gz","0dfa8c4837a8ed2185d7255982ff12ca","MURI_48 ","L001","R2",48
"104","350","MURI_48_SA14155_CCGTCC_L008_R2_001.fastq.gz","7a56379c22934acc18b68140cdffaf07","MURI_48 ","L008","R2",48
"105","353","MURI_49_SA14155_GTGGCC_L008_R1_001.fastq.gz","e55441be553f0d28147955ac5f0bc5a4","MURI_49 ","L008","R1",49
"106","354","MURI_49_SA14155_GTGGCC_L008_R2_001.fastq.gz","22b001895ea503c680496ab5af762cb3","MURI_49 ","L008","R2",49
"107","355","MURI_50_SA14155_GTCCGC_L008_R1_001.fastq.gz","cddd8ae207f943c31c8db00f15c9c026","MURI_50 ","L008","R1",50
"108","356","MURI_50_SA14155_GTCCGC_L008_R2_001.fastq.gz","df3b5895e52503f1fb76c3f8aea4d6cd","MURI_50 ","L008","R2",50
"109","357","MURI_52_SA14140_GTGGCC_L002_R1_001.fastq.gz","e6df24dcd1d74b17f4e02d3c080c0b0b","MURI_52 ","L002","R1",52
"110","358","MURI_52_SA14140_GTGGCC_L002_R2_001.fastq.gz","58b282fb8046daf70d9b70046380446c","MURI_52 ","L002","R2",52
"111","359","MURI_53_SA14155_ACTGAT_L008_R1_001.fastq.gz","0c88db89b69d83108835bd024aeb243a","MURI_53 ","L008","R1",53
"112","360","MURI_53_SA14155_ACTGAT_L008_R2_001.fastq.gz","def5afdd3e1a7d92951f30c6e8df7d3c","MURI_53 ","L008","R2",53
"113","361","MURI_54_SA14155_ATTCCT_L008_R1_001.fastq.gz","efe6339df095f3fd66187f6acf649977","MURI_54 ","L008","R1",54
"114","362","MURI_54_SA14155_ATTCCT_L008_R2_001.fastq.gz","08cf85a325a86358655175324c2ca716","MURI_54 ","L008","R2",54
"115","363","MURI_55_SA14200_ATCACG_L007_R1_001.fastq.gz","4581073bce276a9972a19b83bff840f9","MURI_55 ","L007","R1",55
"116","365","MURI_55_SA14200_ATCACG_L008_R1_001.fastq.gz","ba2d158c28816b3a936afaecf432a688","MURI_55 ","L008","R1",55
"117","364","MURI_55_SA14200_ATCACG_L007_R2_001.fastq.gz","a68cbce35f2e5dc14fe7de7275bfd4c9","MURI_55 ","L007","R2",55
"118","366","MURI_55_SA14200_ATCACG_L008_R2_001.fastq.gz","0a437b3635d372c9d4fd200ba46ea095","MURI_55 ","L008","R2",55
"119","367","MURI_56_SA14155_TTAGGC_L008_R1_001.fastq.gz","10f1633722bb6ccc800d2c701afdfbe4","MURI_56 ","L008","R1",56
"120","368","MURI_56_SA14155_TTAGGC_L008_R2_001.fastq.gz","c8929f37174abe47fe520dad89395e82","MURI_56 ","L008","R2",56
"121","369","MURI_57_SA14155_TGACCA_L008_R1_001.fastq.gz","b44e01656de0123a0c8914e40014f838","MURI_57 ","L008","R1",57
"122","370","MURI_57_SA14155_TGACCA_L008_R2_001.fastq.gz","d1b81ea0020ba2a66cb6c05b35443859","MURI_57 ","L008","R2",57
"123","373","MURI_58_SA15008_ACAGTG_L001_R1_001.fastq.gz","a2d6ad94c5b26e6449856f03e98ff1bc","MURI_58 ","L001","R1",58
"124","371","MURI_58_SA14155_ACAGTG_L008_R1_001.fastq.gz","bfc14bf7baabd47d2298aff1ac466041","MURI_58 ","L008","R1",58
"125","374","MURI_58_SA15008_ACAGTG_L001_R2_001.fastq.gz","c0ed7ee067d1014d03084a993fee5a85","MURI_58 ","L001","R2",58
"126","372","MURI_58_SA14155_ACAGTG_L008_R2_001.fastq.gz","f55c92395083a21c0b641a7a46452f60","MURI_58 ","L008","R2",58
"127","375","MURI_59_SA15156_CCGTCC_L004_R1_001.fastq.gz","bafe0e07f1c6f6f5ccbe96ea5c61e379","MURI_59 ","L004","R1",59
"128","376","MURI_59_SA15156_CCGTCC_L004_R2_001.fastq.gz","140a6e5e1c8bafe6d0036aea56513344","MURI_59 ","L004","R2",59
"129","377","MURI_61_SA14155_ACTTGA_L008_R1_001.fastq.gz","3d432a0435ec53815f1929039495583f","MURI_61 ","L008","R1",61
"130","378","MURI_61_SA14155_ACTTGA_L008_R2_001.fastq.gz","d8c72cb6d7787cb28f733920282c14b0","MURI_61 ","L008","R2",61
"131","379","MURI_63_SA15156_GTGAAA_L004_R1_001.fastq.gz","fdae87602131d5b0aebba7ebb66e1fa8","MURI_63 ","L004","R1",63
"132","380","MURI_63_SA15156_GTGAAA_L004_R2_001.fastq.gz","f615bff92df158cb175a4935dbf3df41","MURI_63 ","L004","R2",63
"133","381","MURI_64_SA14141_ATCACG_L003_R1_001.fastq.gz","887a207542c78dddf1e80bb605c1fe2d","MURI_64 ","L003","R1",64
"134","382","MURI_64_SA14141_ATCACG_L003_R2_001.fastq.gz","5ed6055bf82e24ba88c398ff8455e7a2","MURI_64 ","L003","R2",64
"135","385","MURI_65_SA15008_TTAGGC_L001_R1_001.fastq.gz","c6c904ba62e747125a16e5501db6f276","MURI_65 ","L001","R1",65
"136","383","MURI_65_SA14141_TTAGGC_L003_R1_001.fastq.gz","457a6b2a689ab5537d723365791bc922","MURI_65 ","L003","R1",65
"137","386","MURI_65_SA15008_TTAGGC_L001_R2_001.fastq.gz","e9da671567546725bdd1522be368337a","MURI_65 ","L001","R2",65
"138","384","MURI_65_SA14141_TTAGGC_L003_R2_001.fastq.gz","cb5d7b9a7afeb07c86c84f78ad1bac0d","MURI_65 ","L003","R2",65
"139","389","MURI_66_SA15008_TGACCA_L001_R1_001.fastq.gz","09a00ca0c4ff7dcced7d2ce5be8b1952","MURI_66 ","L001","R1",66
"140","387","MURI_66_SA14141_TGACCA_L003_R1_001.fastq.gz","a1484cac17cdc09e4fbc8b36cddcd0c1","MURI_66 ","L003","R1",66
"141","390","MURI_66_SA15008_TGACCA_L001_R2_001.fastq.gz","7f5a74402306c3e378858bafdbb787ea","MURI_66 ","L001","R2",66
"142","388","MURI_66_SA14141_TGACCA_L003_R2_001.fastq.gz","9d40b5e3a2e34aba00b78e0aada2dc62","MURI_66 ","L003","R2",66
"143","391","MURI_67_SA14141_ACAGTG_L003_R1_001.fastq.gz","2b85d827289dfd67d9e9a5e258b8943c","MURI_67 ","L003","R1",67
"144","393","MURI_67_SA15156_GTGGCC_L004_R1_001.fastq.gz","f48f06adaa51faca9424dd2b30420941","MURI_67 ","L004","R1",67
"145","392","MURI_67_SA14141_ACAGTG_L003_R2_001.fastq.gz","7333e29fbd56373d945152807fabd720","MURI_67 ","L003","R2",67
"146","394","MURI_67_SA15156_GTGGCC_L004_R2_001.fastq.gz","5962d67d62e8eaa7d51102ee5b951bda","MURI_67 ","L004","R2",67
"147","397","MURI_68_SA15008_GCCAAT_L001_R1_001.fastq.gz","b1f0d867a698a117c75f0ec0ff2bc628","MURI_68 ","L001","R1",68
"148","395","MURI_68_SA14155_GCCAAT_L008_R1_001.fastq.gz","030fa5ae7aa620675484aca34ca1fbcc","MURI_68 ","L008","R1",68
"149","398","MURI_68_SA15008_GCCAAT_L001_R2_001.fastq.gz","56b61c306916884447a7354421a68039","MURI_68 ","L001","R2",68
"150","396","MURI_68_SA14155_GCCAAT_L008_R2_001.fastq.gz","d071505b2fc3909586ce57f6fcc80082","MURI_68 ","L008","R2",68
"151","399","MURI_69_SA14155_CAGATC_L008_R1_001.fastq.gz","fbbc2eecad585791e0e910b34b658240","MURI_69 ","L008","R1",69
"152","400","MURI_69_SA14155_CAGATC_L008_R2_001.fastq.gz","62c7a069bebeff2bb3c48584cb950e4c","MURI_69 ","L008","R2",69
"153","401","MURI_70_SA14140_ACTTGA_L002_R1_001.fastq.gz","19ba08b06aabbb18225a7788a5f9af53","MURI_70 ","L002","R1",70
"154","403","MURI_70_SA14141_ACTTGA_L004_R1_001.fastq.gz","59caa08ac87bb0b2a1aa3cb980af3fd4","MURI_70 ","L004","R1",70
"155","402","MURI_70_SA14140_ACTTGA_L002_R2_001.fastq.gz","ac64f41fd80bdffa91986c84426c56b7","MURI_70 ","L002","R2",70
"156","404","MURI_70_SA14141_ACTTGA_L004_R2_001.fastq.gz","dc3b31d030b160c455f6411704376e54","MURI_70 ","L004","R2",70
"157","405","MURI_71_SA14155_GATCAG_L008_R1_001.fastq.gz","27cac82dc78d666483eea1ec0b91d553","MURI_71 ","L008","R1",71
"158","406","MURI_71_SA14155_GATCAG_L008_R2_001.fastq.gz","ebb99a8caa15b5359c3f200914228b1c","MURI_71 ","L008","R2",71
"159","407","MURI_72_SA14155_TAGCTT_L008_R1_001.fastq.gz","3d57337f7cb4c08f337a5b0ca0a3bc2c","MURI_72 ","L008","R1",72
"160","408","MURI_72_SA14155_TAGCTT_L008_R2_001.fastq.gz","9442fadb1c7f8b674b40d29fb276c323","MURI_72 ","L008","R2",72
"161","411","MURI_73_SA15008_GGCTAC_L001_R1_001.fastq.gz","1ce5ccb6e3f7f9946a0c17d6ff2f016f","MURI_73 ","L001","R1",73
"162","409","MURI_73_SA14155_GGCTAC_L008_R1_001.fastq.gz","ae24805fab2f930fd48dbe11f316907a","MURI_73 ","L008","R1",73
"163","412","MURI_73_SA15008_GGCTAC_L001_R2_001.fastq.gz","bdd46a40b70a06e11ed4c3be543eaa6d","MURI_73 ","L001","R2",73
"164","410","MURI_73_SA14155_GGCTAC_L008_R2_001.fastq.gz","06cacd8704bdaa0050bbe2edfa977213","MURI_73 ","L008","R2",73
"165","413","MURI_74_SA14155_CTTGTA_L008_R1_001.fastq.gz","7dbff2a83136913e50505b2fd3c6b9b5","MURI_74 ","L008","R1",74
"166","414","MURI_74_SA14155_CTTGTA_L008_R2_001.fastq.gz","19e4506daac3d4d230686f9fe8ea6abe","MURI_74 ","L008","R2",74
"167","417","MURI_75_SA15156_CGTACG_L004_R1_001.fastq.gz","b718d5a6c4c93384ef102e7e9882ea73","MURI_75 ","L004","R1",75
"168","415","MURI_75_SA14155_AGTCAA_L008_R1_001.fastq.gz","e72da4a6895510ec84a3cc9c215f7488","MURI_75 ","L008","R1",75
"169","418","MURI_75_SA15156_CGTACG_L004_R2_001.fastq.gz","06741eba1b5f9eb9319d69e2c6dafd19","MURI_75 ","L004","R2",75
"170","416","MURI_75_SA14155_AGTCAA_L008_R2_001.fastq.gz","987ee49a9e6bae242283687da509f980","MURI_75 ","L008","R2",75
"171","421","MURI_76_SA15008_AGTTCC_L001_R1_001.fastq.gz","cb6cb3e206a4feb8b9ec08b57c2de16c","MURI_76 ","L001","R1",76
"172","419","MURI_76_SA14155_AGTTCC_L008_R1_001.fastq.gz","67eaca7c737986cd69db88458d06c269","MURI_76 ","L008","R1",76
"173","422","MURI_76_SA15008_AGTTCC_L001_R2_001.fastq.gz","322220d9482a3c14853a86d6851eadc4","MURI_76 ","L001","R2",76
"174","420","MURI_76_SA14155_AGTTCC_L008_R2_001.fastq.gz","5071b792aed54033ac165e5c89e5c39d","MURI_76 ","L008","R2",76
"175","423","MURI_77_SA14155_ATGTCA_L008_R1_001.fastq.gz","6bb28b2d0520d67bed270117c3ef18b9","MURI_77 ","L008","R1",77
"176","424","MURI_77_SA14155_ATGTCA_L008_R2_001.fastq.gz","0d4cbe1cdb3cea4eba1e6db860334e95","MURI_77 ","L008","R2",77
"177","425","MURI_79_SA14140_GTCCGC_L004_R1_001.fastq.gz","79803f0223a6db0ad71089f08c21122a","MURI_79 ","L004","R1",79
"178","426","MURI_79_SA14140_GTCCGC_L004_R2_001.fastq.gz","4337e73a4830bd3bc19f412f0a003bb0","MURI_79 ","L004","R2",79
"179","427","MURI_80_SA14140_ATCACG_L002_R1_001.fastq.gz","b8680476d393d7eb909d5a65a9d6e64d","MURI_80 ","L002","R1",80
"180","429","MURI_80_SA14141_ATCACG_L004_R1_001.fastq.gz","3593274eafb2931d47c5beba631e238a","MURI_80 ","L004","R1",80
"181","428","MURI_80_SA14140_ATCACG_L002_R2_001.fastq.gz","9aa47189be626ddd48ec982329468420","MURI_80 ","L002","R2",80
"182","430","MURI_80_SA14141_ATCACG_L004_R2_001.fastq.gz","9bf5b16f9430ff8ec9937d13115390e5","MURI_80 ","L004","R2",80
"183","431","MURI_81_SA14140_GTGGCC_L004_R1_001.fastq.gz","878644d985c933631551514580b833ba","MURI_81 ","L004","R1",81
"184","432","MURI_81_SA14140_GTGGCC_L004_R2_001.fastq.gz","a7810d14b07dae473e2c9074439a2fff","MURI_81 ","L004","R2",81
"185","433","MURI_82_SA14140_ACTGAT_L004_R1_001.fastq.gz","2267771778867f2ea53a1405a5e552aa","MURI_82 ","L004","R1",82
"186","434","MURI_82_SA14140_ACTGAT_L004_R2_001.fastq.gz","c2e0faae04210ea902aad58e2adde2dc","MURI_82 ","L004","R2",82
"187","435","MURI_83_SA14140_ATTCCT_L004_R1_001.fastq.gz","ded1189ee0d334076961cd8b079ccd5b","MURI_83 ","L004","R1",83
"188","437","MURI_83_SA15156_ATCACG_L004_R1_001.fastq.gz","2f8afda8f0ce9cb728c9351b771584e8","MURI_83 ","L004","R1",83
"189","436","MURI_83_SA14140_ATTCCT_L004_R2_001.fastq.gz","2ed03d538d367f822908a54f7b9eab16","MURI_83 ","L004","R2",83
"190","438","MURI_83_SA15156_ATCACG_L004_R2_001.fastq.gz","d885fc4bbe7f8ec041a78d47e180eda5","MURI_83 ","L004","R2",83
"191","439","MURI_84_SA14140_ATCACG_L004_R1_001.fastq.gz","73591b3659f3346b0c57917429f56be4","MURI_84 ","L004","R1",84
"192","440","MURI_84_SA14140_ATCACG_L004_R2_001.fastq.gz","d7ff52ace1ab0be56ba177e27c181ead","MURI_84 ","L004","R2",84
"193","441","MURI_85_SA14140_TTAGGC_L004_R1_001.fastq.gz","0407fdbf39d10b2a7f8f71750cbbcd81","MURI_85 ","L004","R1",85
"194","442","MURI_85_SA14140_TTAGGC_L004_R2_001.fastq.gz","14a20ee82548ff4514096ee11fd7ae02","MURI_85 ","L004","R2",85
"195","443","MURI_86_SA14140_TGACCA_L004_R1_001.fastq.gz","e6fbae13e365b9be13b8388435845f49","MURI_86 ","L004","R1",86
"196","444","MURI_86_SA14140_TGACCA_L004_R2_001.fastq.gz","61ccd8588f7205110751ef34e5a7b3cb","MURI_86 ","L004","R2",86
"197","445","MURI_87_SA14140_ACAGTG_L004_R1_001.fastq.gz","dc393a8e57f9ea488eacfd494f646ee8","MURI_87 ","L004","R1",87
"198","446","MURI_87_SA14140_ACAGTG_L004_R2_001.fastq.gz","e474ca69b4c27f721045c3a5809f2203","MURI_87 ","L004","R2",87
"199","447","MURI_88_SA14140_GCCAAT_L004_R1_001.fastq.gz","f0ff9591616a58d7d0becf8a58a3516b","MURI_88 ","L004","R1",88
"200","448","MURI_88_SA14140_GCCAAT_L004_R2_001.fastq.gz","677361271917567df6b836dd12be774f","MURI_88 ","L004","R2",88
"201","449","MURI_89_SA14140_CAGATC_L004_R1_001.fastq.gz","64f6a58568cf3f86bbd6d0e4b560f332","MURI_89 ","L004","R1",89
"202","450","MURI_89_SA14140_CAGATC_L004_R2_001.fastq.gz","7eca5cec0bd6dad1dc3acb4e5856a5fc","MURI_89 ","L004","R2",89
"203","451","MURI_90_SA14140_ACTTGA_L004_R1_001.fastq.gz","a49227cfff531686bf3f6b1a98d4a438","MURI_90 ","L004","R1",90
"204","452","MURI_90_SA14140_ACTTGA_L004_R2_001.fastq.gz","a0a1df2278cd7b1e7e8278fd0906f989","MURI_90 ","L004","R2",90
"205","453","MURI_91_SA14140_GATCAG_L004_R1_001.fastq.gz","20b5d97485f110e06e9613c49ab61014","MURI_91 ","L004","R1",91
"206","454","MURI_91_SA14140_GATCAG_L004_R2_001.fastq.gz","03606efda413874a0b224de414e5d8fe","MURI_91 ","L004","R2",91
"207","457","MURI_92_SA15008_TAGCTT_L001_R1_001.fastq.gz","19f26d548574f21bfa39f360cebbd093","MURI_92 ","L001","R1",92
"208","455","MURI_92_SA14140_TAGCTT_L004_R1_001.fastq.gz","791e3ff3eda432aa3127ad0d3bb2cb64","MURI_92 ","L004","R1",92
"209","458","MURI_92_SA15008_TAGCTT_L001_R2_001.fastq.gz","2bf9e1b423f00d5990f0ab13c87067fa","MURI_92 ","L001","R2",92
"210","456","MURI_92_SA14140_TAGCTT_L004_R2_001.fastq.gz","948ed493d366075ae30e3cbd16001935","MURI_92 ","L004","R2",92
"211","459","MURI_93_SA14141_GGCTAC_L003_R1_001.fastq.gz","c816fb0e0b0cb97ace3ee8b20e0ac17c","MURI_93 ","L003","R1",93
"212","460","MURI_93_SA14141_GGCTAC_L003_R2_001.fastq.gz","8c57f5f221fd0f65b8bb896d7396cb75","MURI_93 ","L003","R2",93
"213","461","MURI_94_SA14140_CTTGTA_L001_R1_001.fastq.gz","c9f66beb3134026c081a2eabc0ed12be","MURI_94 ","L001","R1",94
"214","462","MURI_94_SA14140_CTTGTA_L001_R2_001.fastq.gz","c074d287ca22b6c4ad138ab0e9764214","MURI_94 ","L001","R2",94
"215","463","MURI_95_SA14140_AGTCAA_L001_R1_001.fastq.gz","3ff1cad20f8c94d82ac03f4a51cdc3a2","MURI_95 ","L001","R1",95
"216","464","MURI_95_SA14140_AGTCAA_L001_R2_001.fastq.gz","c8b05f7263de439a438cd2e80550b750","MURI_95 ","L001","R2",95
"217","465","MURI_96_SA14140_AGTTCC_L001_R1_001.fastq.gz","67ad11882e2e549a66ef66913f85039c","MURI_96 ","L001","R1",96
"218","467","MURI_96_SA15008_AGTTCC_L004_R1_001.fastq.gz","de9d0e2750fdcacbac99632f423abe38","MURI_96 ","L004","R1",96
"219","466","MURI_96_SA14140_AGTTCC_L001_R2_001.fastq.gz","ebc3a42e4270472c2ff836a7c9fc9a14","MURI_96 ","L001","R2",96
"220","468","MURI_96_SA15008_AGTTCC_L004_R2_001.fastq.gz","f5324af6e5aa095cfd4906cef6fcca77","MURI_96 ","L004","R2",96
"221","473","MURI_97_SA14140_ATGTCA_L001_R1_001.fastq.gz","fa79d069e2a763ce7dfe9a5611e4b766","MURI_97 ","L001","R1",97
"222","469","MURI_97_SA14008_ATCACG_L005_R1_001.fastq.gz","8d5c32442a96e8d3b586dba5f1197af8","MURI_97 ","L005","R1",97
"223","471","MURI_97_SA14008_ATCACG_L006_R1_001.fastq.gz","0c927a76e2abc9f5b62de695f7771ef7","MURI_97 ","L006","R1",97
"224","474","MURI_97_SA14140_ATGTCA_L001_R2_001.fastq.gz","a21bdbfda24aaaa05bc83da3e0e90c06","MURI_97 ","L001","R2",97
"225","470","MURI_97_SA14008_ATCACG_L005_R2_001.fastq.gz","2317576d6d0fae58dec6da9ef9b70124","MURI_97 ","L005","R2",97
"226","472","MURI_97_SA14008_ATCACG_L006_R2_001.fastq.gz","219f079501e5e9936861acb112032e26","MURI_97 ","L006","R2",97
"227","479","MURI_98_SA14140_CCGTCC_L001_R1_001.fastq.gz","4313678766989be7cae6598340168b14","MURI_98 ","L001","R1",98
"228","475","MURI_98_SA14008_TTAGGC_L005_R1_001.fastq.gz","71eb1dd84f0eb1a5b55cf43ae7243184","MURI_98 ","L005","R1",98
"229","477","MURI_98_SA14008_TTAGGC_L006_R1_001.fastq.gz","8aa3e9618d6b4bcd26c27159549dd4c9","MURI_98 ","L006","R1",98
"230","480","MURI_98_SA14140_CCGTCC_L001_R2_001.fastq.gz","434b66c31cbb50deb0ca06085ee1eb84","MURI_98 ","L001","R2",98
"231","476","MURI_98_SA14008_TTAGGC_L005_R2_001.fastq.gz","630228a336d03357c3cb314cf4d40a84","MURI_98 ","L005","R2",98
"232","478","MURI_98_SA14008_TTAGGC_L006_R2_001.fastq.gz","db8f512bb136a182b4703fac0fb49b52","MURI_98 ","L006","R2",98
"233","485","MURI_99_SA14140_GTCCGC_L001_R1_001.fastq.gz","bf5aedd0612c86199d7257b9b2d54ec5","MURI_99 ","L001","R1",99
"234","481","MURI_99_SA14008_TGACCA_L005_R1_001.fastq.gz","9a052b457c16a989ac5b2309b6a83e75","MURI_99 ","L005","R1",99
"235","483","MURI_99_SA14008_TGACCA_L006_R1_001.fastq.gz","68685353674dfd2113df7f2270f1c264","MURI_99 ","L006","R1",99
"236","486","MURI_99_SA14140_GTCCGC_L001_R2_001.fastq.gz","47649b27fc592c8572706eafd763620c","MURI_99 ","L001","R2",99
"237","482","MURI_99_SA14008_TGACCA_L005_R2_001.fastq.gz","e3df6488c9bcecb2ad27ea2517ed1e44","MURI_99 ","L005","R2",99
"238","484","MURI_99_SA14008_TGACCA_L006_R2_001.fastq.gz","8895615e73595769a276db6871abc7cc","MURI_99 ","L006","R2",99
"239","5","MURI_100_SA14140_GTGGCC_L001_R1_001.fastq.gz","28b5afd22b04f61ac892143e29da86f7","MURI_100 ","L001","R1",100
"240","1","MURI_100_SA14008_ACAGTG_L005_R1_001.fastq.gz","b1c30d46e9f7b2fe91a960294d2f8560","MURI_100 ","L005","R1",100
"241","3","MURI_100_SA14008_ACAGTG_L006_R1_001.fastq.gz","1e3329656acb991ef10580cc84299c02","MURI_100 ","L006","R1",100
"242","6","MURI_100_SA14140_GTGGCC_L001_R2_001.fastq.gz","610bb60326a3671182edad541e4fbb8c","MURI_100 ","L001","R2",100
"243","2","MURI_100_SA14008_ACAGTG_L005_R2_001.fastq.gz","25fd85193e6686daad102ab57ad65ec6","MURI_100 ","L005","R2",100
"244","4","MURI_100_SA14008_ACAGTG_L006_R2_001.fastq.gz","c92a332ae512d162ef84b3e5b6fc0760","MURI_100 ","L006","R2",100
"245","11","MURI_101_SA14140_ACTGAT_L001_R1_001.fastq.gz","c0fed9a6252ba6b44a3422c8ce48d619","MURI_101 ","L001","R1",101
"246","7","MURI_101_SA14008_GCCAAT_L005_R1_001.fastq.gz","d74051479d5b4f2b95d95c92e5bbddaf","MURI_101 ","L005","R1",101
"247","9","MURI_101_SA14008_GCCAAT_L006_R1_001.fastq.gz","62e9d469dc9d17684a4cc46fae9a3d2e","MURI_101 ","L006","R1",101
"248","12","MURI_101_SA14140_ACTGAT_L001_R2_001.fastq.gz","076e1db0ccbabeb20028ca963087cbe2","MURI_101 ","L001","R2",101
"249","8","MURI_101_SA14008_GCCAAT_L005_R2_001.fastq.gz","37421dc403bde34248b8eb2db7a7d1b2","MURI_101 ","L005","R2",101
"250","10","MURI_101_SA14008_GCCAAT_L006_R2_001.fastq.gz","15142d42443edaf067a6bd3799f025ff","MURI_101 ","L006","R2",101
"251","19","MURI_102_SA14140_ATTCCT_L001_R1_001.fastq.gz","b27fe2ca0843df6a01ec6b9f3a8f1994","MURI_102 ","L001","R1",102
"252","13","MURI_102_SA14008_CAGATC_L005_R1_001.fastq.gz","087a807aa9495ae4e29dfc067223ca16","MURI_102 ","L005","R1",102
"253","15","MURI_102_SA14008_CAGATC_L006_R1_001.fastq.gz","3f009a18a7561a86c513055d4d43ff90","MURI_102 ","L006","R1",102
"254","17","MURI_102_SA14032_CAGATC_L006_R1_001.fastq.gz","ab438667966f686df9694d9eea7954ec","MURI_102 ","L006","R1",102
"255","20","MURI_102_SA14140_ATTCCT_L001_R2_001.fastq.gz","016746cc1f0f14693191a3e11bc98010","MURI_102 ","L001","R2",102
"256","14","MURI_102_SA14008_CAGATC_L005_R2_001.fastq.gz","723962f17cb1c410970405dc988d92ff","MURI_102 ","L005","R2",102
"257","16","MURI_102_SA14008_CAGATC_L006_R2_001.fastq.gz","2652d88bbe9241ba3164ce9e263f27e0","MURI_102 ","L006","R2",102
"258","18","MURI_102_SA14032_CAGATC_L006_R2_001.fastq.gz","53a393fcc59047539e540947ddd7e8b3","MURI_102 ","L006","R2",102
"259","21","MURI_103_SA14008_ACTTGA_L005_R1_001.fastq.gz","f2da7d9cac3feea29839d11492971212","MURI_103 ","L005","R1",103
"260","23","MURI_103_SA14008_ACTTGA_L006_R1_001.fastq.gz","216c09034d11d3ce02fbd569084123b0","MURI_103 ","L006","R1",103
"261","25","MURI_103_SA14032_ACTTGA_L006_R1_001.fastq.gz","590589d74c8f7c3b4e49a5fe2f854f61","MURI_103 ","L006","R1",103
"262","22","MURI_103_SA14008_ACTTGA_L005_R2_001.fastq.gz","8fa4b742cffa9f02678e6550f50389ae","MURI_103 ","L005","R2",103
"263","24","MURI_103_SA14008_ACTTGA_L006_R2_001.fastq.gz","e95071ea40b67252caa6444050e60d76","MURI_103 ","L006","R2",103
"264","26","MURI_103_SA14032_ACTTGA_L006_R2_001.fastq.gz","d8bead3e50935da2857bfe05abc31d0a","MURI_103 ","L006","R2",103
"265","35","MURI_104_SA14200_ATCACG_L002_R1_001.fastq.gz","37c3a43b07087406a22eca877dec51b2","MURI_104 ","L002","R1",104
"266","27","MURI_104_SA14008_GATCAG_L005_R1_001.fastq.gz","64a8f1b239f0531d0dc6e042e31cfd5b","MURI_104 ","L005","R1",104
"267","29","MURI_104_SA14008_GATCAG_L006_R1_001.fastq.gz","4bfcb3d3e167e5c723cdb294856d857f","MURI_104 ","L006","R1",104
"268","31","MURI_104_SA14008_GATCAG_L007_R1_001.fastq.gz","4075a9a4c9195b79a55d155e2ce79b89","MURI_104 ","L007","R1",104
"269","33","MURI_104_SA14008_GATCAG_L008_R1_001.fastq.gz","d0a28a09dd4214142245993e316e1925","MURI_104 ","L008","R1",104
"270","36","MURI_104_SA14200_ATCACG_L002_R2_001.fastq.gz","6641a46159bba7e7e6b49d637d3e5710","MURI_104 ","L002","R2",104
"271","28","MURI_104_SA14008_GATCAG_L005_R2_001.fastq.gz","9c0182fa40713e4145510675ed547342","MURI_104 ","L005","R2",104
"272","30","MURI_104_SA14008_GATCAG_L006_R2_001.fastq.gz","4bb9a01bb91d32e5a6a7dc5fceb1b851","MURI_104 ","L006","R2",104
"273","32","MURI_104_SA14008_GATCAG_L007_R2_001.fastq.gz","390b3cf927f6d49decc802b7de8e7195","MURI_104 ","L007","R2",104
"274","34","MURI_104_SA14008_GATCAG_L008_R2_001.fastq.gz","3a3e041441b8db74b182faf05935d289","MURI_104 ","L008","R2",104
"275","37","MURI_105_SA14008_TAGCTT_L005_R1_001.fastq.gz","4cb6115e9266c61e004f9bcd79f06b00","MURI_105 ","L005","R1",105
"276","39","MURI_105_SA14008_TAGCTT_L006_R1_001.fastq.gz","015c6360ca39863349dd9f4254e7e36e","MURI_105 ","L006","R1",105
"277","41","MURI_105_SA14008_TAGCTT_L007_R1_001.fastq.gz","94e7e136db9c94148bcda65a567b6700","MURI_105 ","L007","R1",105
"278","45","MURI_105_SA14200_TTAGGC_L007_R1_001.fastq.gz","0539ddbea11eafa470ba4e947e4907f6","MURI_105 ","L007","R1",105
"279","43","MURI_105_SA14008_TAGCTT_L008_R1_001.fastq.gz","2f2ceeb849235ec3cff19c5ec744610f","MURI_105 ","L008","R1",105
"280","47","MURI_105_SA14200_TTAGGC_L008_R1_001.fastq.gz","90ac305f32fdea061e81f11683128699","MURI_105 ","L008","R1",105
"281","38","MURI_105_SA14008_TAGCTT_L005_R2_001.fastq.gz","5d08f9118f9b778ed6966282b6d595fe","MURI_105 ","L005","R2",105
"282","40","MURI_105_SA14008_TAGCTT_L006_R2_001.fastq.gz","28b8c7a506f77b6f1d34d3085555db9e","MURI_105 ","L006","R2",105
"283","42","MURI_105_SA14008_TAGCTT_L007_R2_001.fastq.gz","d9af087453b280e261395ad35a722804","MURI_105 ","L007","R2",105
"284","46","MURI_105_SA14200_TTAGGC_L007_R2_001.fastq.gz","e5b77edc7ad3249d2817c4b9f26c2059","MURI_105 ","L007","R2",105
"285","44","MURI_105_SA14008_TAGCTT_L008_R2_001.fastq.gz","6eac47ea177bd52547aceba8a726d261","MURI_105 ","L008","R2",105
"286","48","MURI_105_SA14200_TTAGGC_L008_R2_001.fastq.gz","473bcc3500b7187c8f15bd718656c399","MURI_105 ","L008","R2",105
"287","49","MURI_106_SA14200_TGACCA_L007_R1_001.fastq.gz","c1c2551851998d4a1217390c4d886b0d","MURI_106 ","L007","R1",106
"288","51","MURI_106_SA14200_TGACCA_L008_R1_001.fastq.gz","646c681c15600e6df374cb3af23e8e8d","MURI_106 ","L008","R1",106
"289","50","MURI_106_SA14200_TGACCA_L007_R2_001.fastq.gz","9ae3d7909373cdb45f201a89efda9d51","MURI_106 ","L007","R2",106
"290","52","MURI_106_SA14200_TGACCA_L008_R2_001.fastq.gz","8983a9c8f63a8e75d7ff2b1c65791d73","MURI_106 ","L008","R2",106
"291","53","MURI_107_SA14140_ACAGTG_L001_R1_001.fastq.gz","154bd566dfb79baa0a9a6a07142728d5","MURI_107 ","L001","R1",107
"292","54","MURI_107_SA14140_ACAGTG_L001_R2_001.fastq.gz","62cb4bf4f7244c63663aa1179f02eb3d","MURI_107 ","L001","R2",107
"293","55","MURI_108_SA14140_GCCAAT_L001_R1_001.fastq.gz","bc3ef343f4df4b880e3eb572cb2d73d8","MURI_108 ","L001","R1",108
"294","56","MURI_108_SA14140_GCCAAT_L001_R2_001.fastq.gz","a3b6d7010686bac010a811f7c68c6193","MURI_108 ","L001","R2",108
"295","57","MURI_109_SA14140_CAGATC_L001_R1_001.fastq.gz","a9ce2277fc6677a771a0dc64ec6c72ae","MURI_109 ","L001","R1",109
"296","58","MURI_109_SA14140_CAGATC_L001_R2_001.fastq.gz","1ba05807cb4d1cbaab7a6d24aca45a64","MURI_109 ","L001","R2",109
"297","59","MURI_110_SA14140_ACTTGA_L001_R1_001.fastq.gz","01f2d1b0fc62ff6bf0d3ae4195d46be7","MURI_110 ","L001","R1",110
"298","60","MURI_110_SA14140_ACTTGA_L001_R2_001.fastq.gz","7352086c9ea4298dac51740139fd20b5","MURI_110 ","L001","R2",110
"299","61","MURI_111_SA14140_GATCAG_L001_R1_001.fastq.gz","cbb383a4639a35ced373743dd75601e3","MURI_111 ","L001","R1",111
"300","62","MURI_111_SA14140_GATCAG_L001_R2_001.fastq.gz","bb5bfe8fe8f1916e7fe9349e0b448bc9","MURI_111 ","L001","R2",111
"301","63","MURI_112_SA14140_TAGCTT_L001_R1_001.fastq.gz","1d710da6133bd9a0b0b2d39875e452be","MURI_112 ","L001","R1",112
"302","64","MURI_112_SA14140_TAGCTT_L001_R2_001.fastq.gz","63c0219ec423090f74067e794c60f729","MURI_112 ","L001","R2",112
"303","65","MURI_113_SA14140_GGCTAC_L001_R1_001.fastq.gz","bd9c32260c5058822357a4daa0996731","MURI_113 ","L001","R1",113
"304","66","MURI_113_SA14140_GGCTAC_L001_R2_001.fastq.gz","0c508813ee9e34be30be497c4dbb9ad1","MURI_113 ","L001","R2",113
"305","69","MURI_114_SA15008_CTTGTA_L001_R1_001.fastq.gz","25384b1dfdf4937e0baffab948534805","MURI_114 ","L001","R1",114
"306","67","MURI_114_SA14140_CTTGTA_L003_R1_001.fastq.gz","179ad30b5589bf11efed35c5e55c3138","MURI_114 ","L003","R1",114
"307","70","MURI_114_SA15008_CTTGTA_L001_R2_001.fastq.gz","b65d5084b26360ed1a2edd22f77d726b","MURI_114 ","L001","R2",114
"308","68","MURI_114_SA14140_CTTGTA_L003_R2_001.fastq.gz","d470df75a5a8bde6ace91bab42236525","MURI_114 ","L003","R2",114
"309","71","MURI_115_SA14140_AGTCAA_L003_R1_001.fastq.gz","10c2661f5b7412e29d50593702b35d2c","MURI_115 ","L003","R1",115
"310","72","MURI_115_SA14140_AGTCAA_L003_R2_001.fastq.gz","b8bd2ee2ab0bc47f578f96aae7ea52f0","MURI_115 ","L003","R2",115
"311","73","MURI_116_SA14140_AGTTCC_L003_R1_001.fastq.gz","7bb44972c81c11a9c6bcf97c8ab39e44","MURI_116 ","L003","R1",116
"312","74","MURI_116_SA14140_AGTTCC_L003_R2_001.fastq.gz","599e289849a1ab81ff145a963e9a5e2f","MURI_116 ","L003","R2",116
"313","75","MURI_117_SA14140_ATGTCA_L003_R1_001.fastq.gz","2f836b9186bf5bc0a4c91c32126ff43a","MURI_117 ","L003","R1",117
"314","76","MURI_117_SA14140_ATGTCA_L003_R2_001.fastq.gz","8ade9ff18aab1797d19576b1a0ecb0a3","MURI_117 ","L003","R2",117
"315","77","MURI_118_SA14140_CCGTCC_L003_R1_001.fastq.gz","ccf138d052f3516425485a2a5d9025c8","MURI_118 ","L003","R1",118
"316","78","MURI_118_SA14140_CCGTCC_L003_R2_001.fastq.gz","fd047536f405239ca3041c9412852fc3","MURI_118 ","L003","R2",118
"317","79","MURI_119_SA14140_GTCCGC_L003_R1_001.fastq.gz","bf9d282de633f0feeb9d19d87299908c","MURI_119 ","L003","R1",119
"318","80","MURI_119_SA14140_GTCCGC_L003_R2_001.fastq.gz","e9f52237dee05bc7ac7ff6861142c2d1","MURI_119 ","L003","R2",119
"319","81","MURI_120_SA14140_GTGGCC_L003_R1_001.fastq.gz","ce57687c593c84c743e14354dfef4860","MURI_120 ","L003","R1",120
"320","82","MURI_120_SA14140_GTGGCC_L003_R2_001.fastq.gz","da3da2649122b2e4c0a6053c4ec1fe47","MURI_120 ","L003","R2",120
"321","83","MURI_121_SA14140_GTTTCG_L003_R1_001.fastq.gz","9a3390892c7aac5b1fee1229edd64b2c","MURI_121 ","L003","R1",121
"322","84","MURI_121_SA14140_GTTTCG_L003_R2_001.fastq.gz","07962ddf1e1e0f79da91c1a0eecf9a82","MURI_121 ","L003","R2",121
"323","85","MURI_122_SA14140_ACTGAT_L003_R1_001.fastq.gz","2f7de56ff133acea54fe755918bd1f7b","MURI_122 ","L003","R1",122
"324","86","MURI_122_SA14140_ACTGAT_L003_R2_001.fastq.gz","ecc4ba1dcc1f96794d5af453e7b88235","MURI_122 ","L003","R2",122
"325","87","MURI_123_SA14140_ATTCCT_L003_R1_001.fastq.gz","2761069a41cd406a7c1fd65d385533dc","MURI_123 ","L003","R1",123
"326","88","MURI_123_SA14140_ATTCCT_L003_R2_001.fastq.gz","994e69a20013a94641ca345561efc0a8","MURI_123 ","L003","R2",123
"327","91","MURI_124_SA15008_ATCACG_L001_R1_001.fastq.gz","2a8017a67b25711ed503dab380bb39ac","MURI_124 ","L001","R1",124
"328","89","MURI_124_SA14200_ATCACG_L006_R1_001.fastq.gz","30f4fe0ae2ec66d89c1176f715caf636","MURI_124 ","L006","R1",124
"329","92","MURI_124_SA15008_ATCACG_L001_R2_001.fastq.gz","09cbf36d420a349cefe4602202c6e16e","MURI_124 ","L001","R2",124
"330","90","MURI_124_SA14200_ATCACG_L006_R2_001.fastq.gz","317a1955b3f6d954f9778c8f1fa5235f","MURI_124 ","L006","R2",124
"331","93","MURI_125_SA14141_TTAGGC_L004_R1_001.fastq.gz","721a781cb6a7c10b706bda2e9dc42e11","MURI_125 ","L004","R1",125
"332","94","MURI_125_SA14141_TTAGGC_L004_R2_001.fastq.gz","a53de321d4a752473ed852fe5f9ed1ac","MURI_125 ","L004","R2",125
"333","97","MURI_126_SA15008_TGACCA_L003_R1_001.fastq.gz","8ca1c28b5e195fd6e1cfc33ad8c64a5f","MURI_126 ","L003","R1",126
"334","95","MURI_126_SA14141_TGACCA_L004_R1_001.fastq.gz","a338c0b7705ce19d95fbaf46a64361bb","MURI_126 ","L004","R1",126
"335","98","MURI_126_SA15008_TGACCA_L003_R2_001.fastq.gz","b58ef53e0245af84e3884143cc4a80d3","MURI_126 ","L003","R2",126
"336","96","MURI_126_SA14141_TGACCA_L004_R2_001.fastq.gz","a313026c5be3e9bda935f1cac49ab27d","MURI_126 ","L004","R2",126
"337","99","MURI_127_SA14140_ACAGTG_L003_R1_001.fastq.gz","6aa9332a6225e0db6a0131401d890902","MURI_127 ","L003","R1",127
"338","100","MURI_127_SA14140_ACAGTG_L003_R2_001.fastq.gz","0893054b9f2493b3b4537ea07c328553","MURI_127 ","L003","R2",127
"339","101","MURI_128_SA14140_GCCAAT_L003_R1_001.fastq.gz","d7732656aa2368ab964af546e7959e46","MURI_128 ","L003","R1",128
"340","102","MURI_128_SA14140_GCCAAT_L003_R2_001.fastq.gz","8240fc18ad3e6889f45b054cfeb751d9","MURI_128 ","L003","R2",128
"341","103","MURI_129_SA14140_CAGATC_L003_R1_001.fastq.gz","e3fbbcaf58f09232d0785846d2419cbf","MURI_129 ","L003","R1",129
"342","104","MURI_129_SA14140_CAGATC_L003_R2_001.fastq.gz","510d7d337ae8cd6711437cf1f0f31cc7","MURI_129 ","L003","R2",129
"343","105","MURI_130_SA14140_ACTTGA_L003_R1_001.fastq.gz","4360bd8ae1793484bfb0ddfb3dd8f627","MURI_130 ","L003","R1",130
"344","107","MURI_130_SA15156_CGATGT_L004_R1_001.fastq.gz","c6f99032e135453e31ffb690814653ae","MURI_130 ","L004","R1",130
"345","106","MURI_130_SA14140_ACTTGA_L003_R2_001.fastq.gz","956a6ce1cfc25a6860aa1b24432196da","MURI_130 ","L003","R2",130
"346","108","MURI_130_SA15156_CGATGT_L004_R2_001.fastq.gz","b08d898e4754c5bb7ab1e75323a9dc31","MURI_130 ","L004","R2",130
"347","109","MURI_131_SA14140_GATCAG_L003_R1_001.fastq.gz","24b920182ae843b2e8cd09d1a26bdc99","MURI_131 ","L003","R1",131
"348","110","MURI_131_SA14140_GATCAG_L003_R2_001.fastq.gz","89a398d4eff24c6895855cf44a4318f9","MURI_131 ","L003","R2",131
"349","111","MURI_132_SA14140_TAGCTT_L003_R1_001.fastq.gz","2806b22ffdf47f57330e4e05a3e26a90","MURI_132 ","L003","R1",132
"350","112","MURI_132_SA14140_TAGCTT_L003_R2_001.fastq.gz","38754ffdf31d529542443ed6315b9d4a","MURI_132 ","L003","R2",132
"351","113","MURI_133_SA14140_GGCTAC_L003_R1_001.fastq.gz","379209277ecc4c7682edc83f879481f2","MURI_133 ","L003","R1",133
"352","114","MURI_133_SA14140_GGCTAC_L003_R2_001.fastq.gz","492755ef8abc7fbb55fe1aea3e410707","MURI_133 ","L003","R2",133
"353","115","MURI_134_SA14141_CTTGTA_L003_R1_001.fastq.gz","22e0560c50bffb92d670404fafc6aa64","MURI_134 ","L003","R1",134
"354","117","MURI_134_SA15156_TTAGGC_L004_R1_001.fastq.gz","911eb900fea320282463ea227325a185","MURI_134 ","L004","R1",134
"355","116","MURI_134_SA14141_CTTGTA_L003_R2_001.fastq.gz","b08d4f2adee587369fb00984e7df6cd6","MURI_134 ","L003","R2",134
"356","118","MURI_134_SA15156_TTAGGC_L004_R2_001.fastq.gz","9912020dec75f5ce2d2291d10f763f47","MURI_134 ","L004","R2",134
"357","119","MURI_135_SA14217_ATCACG_L003_R1_001.fastq.gz","4851632d4cdd49aa1a053dca02ce8808","MURI_135 ","L003","R1",135
"358","121","MURI_135_SA14217_ATCACG_L004_R1_001.fastq.gz","4599119ec4e7fdd66af1c1f9f5f6c8c2","MURI_135 ","L004","R1",135
"359","120","MURI_135_SA14217_ATCACG_L003_R2_001.fastq.gz","6f495919d8cfd6ee12b25ae3877e716d","MURI_135 ","L003","R2",135
"360","122","MURI_135_SA14217_ATCACG_L004_R2_001.fastq.gz","6250488944eec8a17627a3aea5893828","MURI_135 ","L004","R2",135
"361","123","MURI_136_SA14141_CAGATC_L003_R1_001.fastq.gz","58e443e77afdf4cca82e4a0911654530","MURI_136 ","L003","R1",136
"362","124","MURI_136_SA14141_CAGATC_L003_R2_001.fastq.gz","c8037fc267cbd19d2f4750578568a193","MURI_136 ","L003","R2",136
"363","127","MURI_137_SA15008_ACTTGA_L001_R1_001.fastq.gz","78ad0403275083c6a354472ca2933d32","MURI_137 ","L001","R1",137
"364","125","MURI_137_SA14141_ACTTGA_L003_R1_001.fastq.gz","e79036afe1226d878ca99286ea15c5a6","MURI_137 ","L003","R1",137
"365","128","MURI_137_SA15008_ACTTGA_L001_R2_001.fastq.gz","3b2d7aeb6b3f62105f549ab34c775e4d","MURI_137 ","L001","R2",137
"366","126","MURI_137_SA14141_ACTTGA_L003_R2_001.fastq.gz","65d5108d968fd5f2c10b1a327b4b8183","MURI_137 ","L003","R2",137
"367","129","MURI_138_SA14141_GATCAG_L003_R1_001.fastq.gz","44f5312b75884975db12f813c8784208","MURI_138 ","L003","R1",138
"368","130","MURI_138_SA14141_GATCAG_L003_R2_001.fastq.gz","1058685c26f2d071d1a7379827aad460","MURI_138 ","L003","R2",138
"369","131","MURI_139_SA14141_TAGCTT_L003_R1_001.fastq.gz","6c1446ac79c803b102ac70f0a7b602cc","MURI_139 ","L003","R1",139
"370","133","MURI_139_SA15156_TGACCA_L004_R1_001.fastq.gz","03a5806081a1c20b9839d2cf2d7b2287","MURI_139 ","L004","R1",139
"371","132","MURI_139_SA14141_TAGCTT_L003_R2_001.fastq.gz","05c7eef5628bf1b3e53d1948c1c57963","MURI_139 ","L003","R2",139
"372","134","MURI_139_SA15156_TGACCA_L004_R2_001.fastq.gz","06a2071102e5efecb1da98c51ca45ac1","MURI_139 ","L004","R2",139
"373","135","MURI_140_SA14140_GGCTAC_L002_R1_001.fastq.gz","cdf7333212b6315cda828b44950b37c8","MURI_140 ","L002","R1",140
"374","136","MURI_140_SA14140_GGCTAC_L002_R2_001.fastq.gz","d6b193d3ad807b939df7529ba6bc7ebd","MURI_140 ","L002","R2",140
"375","137","MURI_141_SA14140_CTTGTA_L002_R1_001.fastq.gz","2d520a819c0bca2505fa4c8c30028f76","MURI_141 ","L002","R1",141
"376","139","MURI_141_SA14141_CTTGTA_L004_R1_001.fastq.gz","203bf7988e082aa46cf5528e453b519a","MURI_141 ","L004","R1",141
"377","138","MURI_141_SA14140_CTTGTA_L002_R2_001.fastq.gz","6758fa43f34d17a45adc89777a7fdebc","MURI_141 ","L002","R2",141
"378","140","MURI_141_SA14141_CTTGTA_L004_R2_001.fastq.gz","e36c9b4c2beece10e8f3b9737e56ebb2","MURI_141 ","L004","R2",141
"379","141","MURI_142_SA14141_AGTCAA_L003_R1_001.fastq.gz","b29db1d73a31cf0128d9f0d7ae1a4d77","MURI_142 ","L003","R1",142
"380","142","MURI_142_SA14141_AGTCAA_L003_R2_001.fastq.gz","d29eb82193ec26515a3109817122d40b","MURI_142 ","L003","R2",142
"381","143","MURI_143_SA14141_AGTTCC_L003_R1_001.fastq.gz","8c0d5c08d205c3364f7ccea1d60a5a67","MURI_143 ","L003","R1",143
"382","144","MURI_143_SA14141_AGTTCC_L003_R2_001.fastq.gz","b4a7da13a4399bfc9b0082331de08ab3","MURI_143 ","L003","R2",143
"383","145","MURI_144_SA14141_ATGTCA_L003_R1_001.fastq.gz","5a1ff82e07f432220db15743b6d33bae","MURI_144 ","L003","R1",144
"384","146","MURI_144_SA14141_ATGTCA_L003_R2_001.fastq.gz","415a189d0246ecc2d4c6dc9a45c5d48c","MURI_144 ","L003","R2",144
"385","147","MURI_145_SA14141_CCGTCC_L003_R1_001.fastq.gz","ee6d181e452bd7bded8c569f44cb8abf","MURI_145 ","L003","R1",145
"386","148","MURI_145_SA14141_CCGTCC_L003_R2_001.fastq.gz","3b83596640f450b5730e796287eaba67","MURI_145 ","L003","R2",145
"387","149","MURI_146_SA14141_GTCCGC_L003_R1_001.fastq.gz","bc06758b2c93fb30486fe09428ca4b0d","MURI_146 ","L003","R1",146
"388","150","MURI_146_SA14141_GTCCGC_L003_R2_001.fastq.gz","613744fe167178ddd9de90cf157cee75","MURI_146 ","L003","R2",146
"389","153","MURI_147_SA15008_GTGAAA_L001_R1_001.fastq.gz","b18c742a67d5356fdd7b27c53b9357b0","MURI_147 ","L001","R1",147
"390","151","MURI_147_SA14155_GTGAAA_L008_R1_001.fastq.gz","7ce63c6ded4ff967bfae8d44c88fe642","MURI_147 ","L008","R1",147
"391","154","MURI_147_SA15008_GTGAAA_L001_R2_001.fastq.gz","c516e2bcc12de6acabf4c541835c40d8","MURI_147 ","L001","R2",147
"392","152","MURI_147_SA14155_GTGAAA_L008_R2_001.fastq.gz","d43cefbe9c6792aa0af69343edb93001","MURI_147 ","L008","R2",147
"393","155","MURI_148_SA14141_GTGGCC_L003_R1_001.fastq.gz","667a366bf606ba7dc8f1845309c75c88","MURI_148 ","L003","R1",148
"394","157","MURI_148_SA15156_ACAGTG_L004_R1_001.fastq.gz","ce859948a033b985c5928d733d48974f","MURI_148 ","L004","R1",148
"395","156","MURI_148_SA14141_GTGGCC_L003_R2_001.fastq.gz","7c862af6b7959aa469dbb8be0d88c79f","MURI_148 ","L003","R2",148
"396","158","MURI_148_SA15156_ACAGTG_L004_R2_001.fastq.gz","0a0a154f711c72ccd0ab7519227a0e60","MURI_148 ","L004","R2",148
"397","161","MURI_149_SA15156_GCCAAT_L004_R1_001.fastq.gz","7090f2bdef7f0ad54a45b5f1b0eea33d","MURI_149 ","L004","R1",149
"398","159","MURI_149_SA14155_CGTACG_L008_R1_001.fastq.gz","ebe094c0d2896cc1b795153e293bb848","MURI_149 ","L008","R1",149
"399","162","MURI_149_SA15156_GCCAAT_L004_R2_001.fastq.gz","b67d929c89a94b8bc737ae256ffd1dfa","MURI_149 ","L004","R2",149
"400","160","MURI_149_SA14155_CGTACG_L008_R2_001.fastq.gz","0e639606bd0ee61514386a57d031bf77","MURI_149 ","L008","R2",149
"401","165","MURI_150_SA15156_CAGATC_L004_R1_001.fastq.gz","e8ec43765057a0487e39d5bc9cfb9a54","MURI_150 ","L004","R1",150
"402","163","MURI_150_SA14155_GAGTGG_L008_R1_001.fastq.gz","0f928224ef51ff054c22512d24fb2b9a","MURI_150 ","L008","R1",150
"403","166","MURI_150_SA15156_CAGATC_L004_R2_001.fastq.gz","7ea35ed80f6812306363b037cd49132d","MURI_150 ","L004","R2",150
"404","164","MURI_150_SA14155_GAGTGG_L008_R2_001.fastq.gz","f62c2310f09aabd9c9db3a70f961b961","MURI_150 ","L008","R2",150
"405","167","MURI_151_SA14140_ACTGAT_L002_R1_001.fastq.gz","9feabf724902a9dd963c3ff6cc438b0b","MURI_151 ","L002","R1",151
"406","169","MURI_151_SA15156_ACTTGA_L004_R1_001.fastq.gz","5f1db1497959bd9890a9b838b9955c54","MURI_151 ","L004","R1",151
"407","168","MURI_151_SA14140_ACTGAT_L002_R2_001.fastq.gz","efcd8cab3272099b2daf81e2eb5ff737","MURI_151 ","L002","R2",151
"408","170","MURI_151_SA15156_ACTTGA_L004_R2_001.fastq.gz","511695e0ec6a44ddbb84ff089e7a5750","MURI_151 ","L004","R2",151
"409","171","MURI_152_SA14140_ATTCCT_L002_R1_001.fastq.gz","50fce675993ca8ebd795f210aae2db5e","MURI_152 ","L002","R1",152
"410","173","MURI_152_SA14141_ATTCCT_L004_R1_001.fastq.gz","ad16290962a58240867b331ccae9305a","MURI_152 ","L004","R1",152
"411","172","MURI_152_SA14140_ATTCCT_L002_R2_001.fastq.gz","4dd142d5a216dc7ff605da4f71a0a433","MURI_152 ","L002","R2",152
"412","174","MURI_152_SA14141_ATTCCT_L004_R2_001.fastq.gz","7546afd8e4acde3b734ee22f73e76995","MURI_152 ","L004","R2",152
"413","175","MURI_153_SA14217_ATCACG_L007_R1_001.fastq.gz","e51d543d31e2270ec85200fcc8e552f0","MURI_153 ","L007","R1",153
"414","176","MURI_153_SA14217_ATCACG_L007_R2_001.fastq.gz","0655e694306ed8127da1b51a026539a0","MURI_153 ","L007","R2",153
"415","177","MURI_154_SA14141_CAGATC_L002_R1_001.fastq.gz","d103bf715951167b6f0fa73722cc4587","MURI_154 ","L002","R1",154
"416","178","MURI_154_SA14141_CAGATC_L002_R2_001.fastq.gz","a8d4ef9a6ada577b256a1935525cb322","MURI_154 ","L002","R2",154
"417","179","MURI_155_SA14141_ACTTGA_L002_R1_001.fastq.gz","fc18339ab59431bbffa911d2a8bc552c","MURI_155 ","L002","R1",155
"418","180","MURI_155_SA14141_ACTTGA_L002_R2_001.fastq.gz","86bc2a420003a21a78894e3b3a319f04","MURI_155 ","L002","R2",155
"419","181","MURI_156_SA14141_GATCAG_L002_R1_001.fastq.gz","54833780830f769814a664ad529831d3","MURI_156 ","L002","R1",156
"420","182","MURI_156_SA14141_GATCAG_L002_R2_001.fastq.gz","9e9af51e4c33bad38dd2d1d173b68f77","MURI_156 ","L002","R2",156
"421","183","MURI_157_SA14141_TAGCTT_L002_R1_001.fastq.gz","959fbf70e0f57bceeef2217cb3fed3a2","MURI_157 ","L002","R1",157
"422","185","MURI_157_SA15015_TAGCTT_L007_R1_001.fastq.gz","4b1b5fd30fa356976ffb4e79152e4638","MURI_157 ","L007","R1",157
"423","187","MURI_157_SA15015_TAGCTT_L008_R1_001.fastq.gz","fc5ecb03c51d435628e1c8c660402775","MURI_157 ","L008","R1",157
"424","184","MURI_157_SA14141_TAGCTT_L002_R2_001.fastq.gz","a8390470bb590b24c9d44410f6f7d210","MURI_157 ","L002","R2",157
"425","186","MURI_157_SA15015_TAGCTT_L007_R2_001.fastq.gz","b41307ba4e0cb68ee598108e2dd8f2cc","MURI_157 ","L007","R2",157
"426","188","MURI_157_SA15015_TAGCTT_L008_R2_001.fastq.gz","e5661deeb6a7cb5260608ee4c83b61f0","MURI_157 ","L008","R2",157
"427","189","MURI_158_SA14141_GGCTAC_L002_R1_001.fastq.gz","4e74d2eb76e6df9e7cf88a04b23aba50","MURI_158 ","L002","R1",158
"428","191","MURI_158_SA15015_GGCTAC_L007_R1_001.fastq.gz","bd565c982662cc3a4c7fc1ec4740f661","MURI_158 ","L007","R1",158
"429","193","MURI_158_SA15015_GGCTAC_L008_R1_001.fastq.gz","b1dd603bec450b68efa11d4a3c1c0cd1","MURI_158 ","L008","R1",158
"430","190","MURI_158_SA14141_GGCTAC_L002_R2_001.fastq.gz","73137aa0cb64b56c8a8bf26757c0b32c","MURI_158 ","L002","R2",158
"431","192","MURI_158_SA15015_GGCTAC_L007_R2_001.fastq.gz","bb8c1157d12f6ef2a223d47c24a8a26a","MURI_158 ","L007","R2",158
"432","194","MURI_158_SA15015_GGCTAC_L008_R2_001.fastq.gz","cef1cd8327a47ce7cd1d8934a5119b71","MURI_158 ","L008","R2",158
"433","195","MURI_159_SA14141_CTTGTA_L002_R1_001.fastq.gz","2a55e85b03c7c65693d31085affc0af8","MURI_159 ","L002","R1",159
"434","197","MURI_159_SA15015_CTTGTA_L007_R1_001.fastq.gz","6814a733a68c65243e692db1512567e3","MURI_159 ","L007","R1",159
"435","199","MURI_159_SA15015_CTTGTA_L008_R1_001.fastq.gz","69a49180a834ccacb053060c3401ef4a","MURI_159 ","L008","R1",159
"436","196","MURI_159_SA14141_CTTGTA_L002_R2_001.fastq.gz","89286e728d46e7387bd54df4a094daa5","MURI_159 ","L002","R2",159
"437","198","MURI_159_SA15015_CTTGTA_L007_R2_001.fastq.gz","bc6a9470c8f2a8dc228525200ebe0d49","MURI_159 ","L007","R2",159
"438","200","MURI_159_SA15015_CTTGTA_L008_R2_001.fastq.gz","6405c25b9627fdcb3b22828b5867c563","MURI_159 ","L008","R2",159
"439","201","MURI_160_SA14141_AGTCAA_L002_R1_001.fastq.gz","367138afa7c151131ad1afc7d6d1164a","MURI_160 ","L002","R1",160
"440","203","MURI_160_SA15015_AGTCAA_L007_R1_001.fastq.gz","3acbf7b4643e6f94b334118a56a7abfa","MURI_160 ","L007","R1",160
"441","205","MURI_160_SA15015_AGTCAA_L008_R1_001.fastq.gz","fcaa20fced4c0b4c522c6f122c505799","MURI_160 ","L008","R1",160
"442","202","MURI_160_SA14141_AGTCAA_L002_R2_001.fastq.gz","70903c2cd27420e1e221c04021562a5f","MURI_160 ","L002","R2",160
"443","204","MURI_160_SA15015_AGTCAA_L007_R2_001.fastq.gz","7f99c13e4233429392be8f53d2e0fb0e","MURI_160 ","L007","R2",160
"444","206","MURI_160_SA15015_AGTCAA_L008_R2_001.fastq.gz","c7090c6b711a95bcf97ddd6203a950a9","MURI_160 ","L008","R2",160
"445","207","MURI_161_SA14141_AGTTCC_L002_R1_001.fastq.gz","9fda6cd85a708cccc5659db7b02ba638","MURI_161 ","L002","R1",161
"446","208","MURI_161_SA14141_AGTTCC_L002_R2_001.fastq.gz","391cd552be314188bc46bf0ec99610a3","MURI_161 ","L002","R2",161
"447","209","MURI_162_SA14141_ATGTCA_L002_R1_001.fastq.gz","4943658d2ab1ffcbd69e18ab589c3a46","MURI_162 ","L002","R1",162
"448","210","MURI_162_SA14141_ATGTCA_L002_R2_001.fastq.gz","4f3e410997491aed22c5eccd66e46da1","MURI_162 ","L002","R2",162
"449","211","MURI_163_SA14141_CCGTCC_L004_R1_001.fastq.gz","78d49999f7ab753816d8aa3a473ceb3e","MURI_163 ","L004","R1",163
"450","212","MURI_163_SA14141_CCGTCC_L004_R2_001.fastq.gz","717f59b49a388cc041b4f82b605c71b9","MURI_163 ","L004","R2",163
"451","213","MURI_164_SA14141_GTCCGC_L002_R1_001.fastq.gz","0fffbc9fcdea89bf07435cc427ff11ac","MURI_164 ","L002","R1",164
"452","214","MURI_164_SA14141_GTCCGC_L002_R2_001.fastq.gz","94c1d74f84fac94b2c499f0298aab4e9","MURI_164 ","L002","R2",164
"453","215","MURI_165_SA14141_GTGAAA_L002_R1_001.fastq.gz","fbc28a52d6782c5396f08f0a769c3fb3","MURI_165 ","L002","R1",165
"454","216","MURI_165_SA14141_GTGAAA_L002_R2_001.fastq.gz","6e9222dbbd79d451e36d767111d755f2","MURI_165 ","L002","R2",165
"455","217","MURI_166_SA14141_GTGGCC_L002_R1_001.fastq.gz","b9dd399c96bf46627ee042e9233d137e","MURI_166 ","L002","R1",166
"456","218","MURI_166_SA14141_GTGGCC_L002_R2_001.fastq.gz","303faa46e490407a7bbeb99099ea7267","MURI_166 ","L002","R2",166
"457","219","MURI_167_SA14141_CGTACG_L002_R1_001.fastq.gz","b21da7cd1a92472789e416957134aeda","MURI_167 ","L002","R1",167
"458","221","MURI_167_SA15015_CGTACG_L007_R1_001.fastq.gz","e2611e2193d862325365c90daa270e5d","MURI_167 ","L007","R1",167
"459","223","MURI_167_SA15015_CGTACG_L008_R1_001.fastq.gz","5adb9de6ccef1f78eb7e863c3153d4b9","MURI_167 ","L008","R1",167
"460","220","MURI_167_SA14141_CGTACG_L002_R2_001.fastq.gz","ff6a8398a453ba1d67f7d5bd163b8b93","MURI_167 ","L002","R2",167
"461","222","MURI_167_SA15015_CGTACG_L007_R2_001.fastq.gz","527df80f9f1e6467361b2ba434ec71b4","MURI_167 ","L007","R2",167
"462","224","MURI_167_SA15015_CGTACG_L008_R2_001.fastq.gz","37387c2b2fb6afbf096029897e09eea5","MURI_167 ","L008","R2",167
"463","225","MURI_168_SA14141_GAGTGG_L003_R1_001.fastq.gz","c5122605b6ecdcdf8f20971abe18367d","MURI_168 ","L003","R1",168
"464","227","MURI_168_SA15015_GAGTGG_L007_R1_001.fastq.gz","d017cc25cb2abaee0d1bf7c8d2eba035","MURI_168 ","L007","R1",168
"465","229","MURI_168_SA15015_GAGTGG_L008_R1_001.fastq.gz","05512bde498417c2fde7eb5509502aa0","MURI_168 ","L008","R1",168
"466","226","MURI_168_SA14141_GAGTGG_L003_R2_001.fastq.gz","90d7e51f3be23237c9f719f55a35e7a7","MURI_168 ","L003","R2",168
"467","228","MURI_168_SA15015_GAGTGG_L007_R2_001.fastq.gz","b2a51d9516c4eadcbdf01965604e41b2","MURI_168 ","L007","R2",168
"468","230","MURI_168_SA15015_GAGTGG_L008_R2_001.fastq.gz","80708401b94c5e11caf5833e8afd29a1","MURI_168 ","L008","R2",168
"469","231","MURI_169_SA14141_ACTGAT_L002_R1_001.fastq.gz","c45bc4ea31c5fd003d2234e8efce38d7","MURI_169 ","L002","R1",169
"470","233","MURI_169_SA15015_ACTGAT_L007_R1_001.fastq.gz","72b54cf42a497e9947e6f9ae1fd60223","MURI_169 ","L007","R1",169
"471","235","MURI_169_SA15015_ACTGAT_L008_R1_001.fastq.gz","41a30921e3b9e5ccd67b04e8a2fb0f83","MURI_169 ","L008","R1",169
"472","232","MURI_169_SA14141_ACTGAT_L002_R2_001.fastq.gz","c9a90be42ce94e7238d63374e2fdbce8","MURI_169 ","L002","R2",169
"473","234","MURI_169_SA15015_ACTGAT_L007_R2_001.fastq.gz","993f23238903f3efd36b09f487fa8346","MURI_169 ","L007","R2",169
"474","236","MURI_169_SA15015_ACTGAT_L008_R2_001.fastq.gz","3ea04ee84169602d74dd21156148df2e","MURI_169 ","L008","R2",169
"475","239","MURI_170_SA14141_ATTCCT_L002_R1_001.fastq.gz","12474bdc31837e502fd1807d67034270","MURI_170 ","L002","R1",170
"476","241","MURI_170_SA15015_ATTCCT_L007_R1_001.fastq.gz","1c12c8e04d861e0395edfcb42fae30b3","MURI_170 ","L007","R1",170
"477","243","MURI_170_SA15015_ATTCCT_L008_R1_001.fastq.gz","31df20db97d2b25b84bfbcd61ada1268","MURI_170 ","L008","R1",170
"478","240","MURI_170_SA14141_ATTCCT_L002_R2_001.fastq.gz","8e6908c49f0ab31d4b3581bfa505cfce","MURI_170 ","L002","R2",170
"479","242","MURI_170_SA15015_ATTCCT_L007_R2_001.fastq.gz","33b93143e7b4f269351db24881d212a5","MURI_170 ","L007","R2",170
"480","244","MURI_170_SA15015_ATTCCT_L008_R2_001.fastq.gz","37dfef3e9d34879d598e6e93ac9391e4","MURI_170 ","L008","R2",170
"481","245","MURI_171_SA14217_ATCACG_L006_R1_001.fastq.gz","e8cf2b7828cffa173d5a3acb79d385a9","MURI_171 ","L006","R1",171
"482","247","MURI_171_SA15015_ATCACG_L007_R1_001.fastq.gz","512a12f399e198958f17bc749139515b","MURI_171 ","L007","R1",171
"483","249","MURI_171_SA15015_ATCACG_L008_R1_001.fastq.gz","1e0695667d685a7b5f1e5a5e1b4cf71e","MURI_171 ","L008","R1",171
"484","246","MURI_171_SA14217_ATCACG_L006_R2_001.fastq.gz","9f78558ab8908d4c686bc7cfbb6ffa86","MURI_171 ","L006","R2",171
"485","248","MURI_171_SA15015_ATCACG_L007_R2_001.fastq.gz","9d75fb6e8d419656c86fbedffdc59785","MURI_171 ","L007","R2",171
"486","250","MURI_171_SA15015_ATCACG_L008_R2_001.fastq.gz","45b40ff8f4996628e4e1b1805fe1e3b9","MURI_171 ","L008","R2",171
