"","MURI","R1_L1","R1_L2","R1_L3","R1_L4","R1_L5","R1_L6","R2_L1","R2_L2","R2_L3","R2_L4","R2_L5","R2_L6","MURI_num"
"1","MURI_16 ","MURI_16_SA13172_AGTTCC_L007_R1_001.fastq",,,,,,"MURI_16_SA13172_AGTTCC_L007_R2_001.fastq",,,,,,16
"2","MURI_17 ","MURI_17_SA13172_ATGTCA_L007_R1_001.fastq",,,,,,"MURI_17_SA13172_ATGTCA_L007_R2_001.fastq",,,,,,17
"3","MURI_18 ","MURI_18_SA13172_CCGTCC_L007_R1_001.fastq","MURI_18_SA14008_CCGTCC_L007_R1_001.fastq","MURI_18_SA14008_CCGTCC_L008_R1_001.fastq",,,,"MURI_18_SA13172_CCGTCC_L007_R2_001.fastq","MURI_18_SA14008_CCGTCC_L007_R2_001.fastq","MURI_18_SA14008_CCGTCC_L008_R2_001.fastq",,,,18
"4","MURI_19 ","MURI_19_SA13172_GTCCGC_L007_R1_001.fastq",,,,,,"MURI_19_SA13172_GTCCGC_L007_R2_001.fastq",,,,,,19
"5","MURI_20 ","MURI_20_SA13172_GTGAAA_L007_R1_001.fastq",,,,,,"MURI_20_SA13172_GTGAAA_L007_R2_001.fastq",,,,,,20
"6","MURI_21 ","MURI_21_SA13172_GTGGCC_L007_R1_001.fastq",,,,,,"MURI_21_SA13172_GTGGCC_L007_R2_001.fastq",,,,,,21
"7","MURI_22 ","MURI_22_SA13172_GTTTCG_L007_R1_001.fastq","MURI_22_SA15008_GTTTCG_L001_R1_001.fastq",,,,,"MURI_22_SA13172_GTTTCG_L007_R2_001.fastq","MURI_22_SA15008_GTTTCG_L001_R2_001.fastq",,,,,22
"8","MURI_23 ","MURI_23_SA13172_CGTACG_L007_R1_001.fastq","MURI_23_SA14008_CGTACG_L007_R1_001.fastq","MURI_23_SA14008_CGTACG_L008_R1_001.fastq",,,,"MURI_23_SA13172_CGTACG_L007_R2_001.fastq","MURI_23_SA14008_CGTACG_L007_R2_001.fastq","MURI_23_SA14008_CGTACG_L008_R2_001.fastq",,,,23
"9","MURI_24 ","MURI_24_SA13172_GAGTGG_L007_R1_001.fastq","MURI_24_SA14008_GAGTGG_L007_R1_001.fastq","MURI_24_SA14008_GAGTGG_L008_R1_001.fastq",,,,"MURI_24_SA13172_GAGTGG_L007_R2_001.fastq","MURI_24_SA14008_GAGTGG_L007_R2_001.fastq","MURI_24_SA14008_GAGTGG_L008_R2_001.fastq",,,,24
"10","MURI_25 ","MURI_25_SA14027_ATCACG_L006_R1_001.fastq",,,,,,"MURI_25_SA14027_ATCACG_L006_R2_001.fastq",,,,,,25
"11","MURI_26 ","MURI_26_SA14027_TTAGGC_L006_R1_001.fastq",,,,,,"MURI_26_SA14027_TTAGGC_L006_R2_001.fastq",,,,,,26
"12","MURI_27 ","MURI_27_SA14027_TGACCA_L006_R1_001.fastq",,,,,,"MURI_27_SA14027_TGACCA_L006_R2_001.fastq",,,,,,27
"13","MURI_28 ","MURI_28_SA14027_ACAGTG_L006_R1_001.fastq",,,,,,"MURI_28_SA14027_ACAGTG_L006_R2_001.fastq",,,,,,28
"14","MURI_29 ","MURI_29_SA14027_GCCAAT_L006_R1_001.fastq",,,,,,"MURI_29_SA14027_GCCAAT_L006_R2_001.fastq",,,,,,29
"15","MURI_30 ","MURI_30_SA14027_CAGATC_L006_R1_001.fastq",,,,,,"MURI_30_SA14027_CAGATC_L006_R2_001.fastq",,,,,,30
"16","MURI_31 ","MURI_31_SA14027_ACTTGA_L006_R1_001.fastq","MURI_31_SA14043_ACTTGA_L001_R1_001.fastq",,,,,"MURI_31_SA14027_ACTTGA_L006_R2_001.fastq","MURI_31_SA14043_ACTTGA_L001_R2_001.fastq",,,,,31
"17","MURI_32 ","MURI_32_SA14027_GATCAG_L006_R1_001.fastq",,,,,,"MURI_32_SA14027_GATCAG_L006_R2_001.fastq",,,,,,32
"18","MURI_33 ","MURI_33_SA14027_TAGCTT_L006_R1_001.fastq",,,,,,"MURI_33_SA14027_TAGCTT_L006_R2_001.fastq",,,,,,33
"19","MURI_34 ","MURI_34_SA14043_AGTCAA_L002_R1_001.fastq","MURI_34_SA14043_AGTCAA_L003_R1_001.fastq",,,,,"MURI_34_SA14043_AGTCAA_L002_R2_001.fastq","MURI_34_SA14043_AGTCAA_L003_R2_001.fastq",,,,,34
"20","MURI_35 ","MURI_35_SA14043_AGTTCC_L002_R1_001.fastq","MURI_35_SA14043_AGTTCC_L003_R1_001.fastq",,,,,"MURI_35_SA14043_AGTTCC_L002_R2_001.fastq","MURI_35_SA14043_AGTTCC_L003_R2_001.fastq",,,,,35
"21","MURI_36 ","MURI_36_SA14043_ATGTCA_L002_R1_001.fastq","MURI_36_SA14043_ATGTCA_L003_R1_001.fastq",,,,,"MURI_36_SA14043_ATGTCA_L002_R2_001.fastq","MURI_36_SA14043_ATGTCA_L003_R2_001.fastq",,,,,36
"22","MURI_37 ","MURI_37_SA14043_CCGTCC_L002_R1_001.fastq","MURI_37_SA14043_CCGTCC_L003_R1_001.fastq",,,,,"MURI_37_SA14043_CCGTCC_L002_R2_001.fastq","MURI_37_SA14043_CCGTCC_L003_R2_001.fastq",,,,,37
"23","MURI_38 ","MURI_38_SA14043_GTCCGC_L002_R1_001.fastq","MURI_38_SA14043_GTCCGC_L003_R1_001.fastq",,,,,"MURI_38_SA14043_GTCCGC_L002_R2_001.fastq","MURI_38_SA14043_GTCCGC_L003_R2_001.fastq",,,,,38
"24","MURI_39 ","MURI_39_SA14043_GTGAAA_L002_R1_001.fastq","MURI_39_SA14043_GTGAAA_L003_R1_001.fastq",,,,,"MURI_39_SA14043_GTGAAA_L002_R2_001.fastq","MURI_39_SA14043_GTGAAA_L003_R2_001.fastq",,,,,39
"25","MURI_40 ","MURI_40_SA14043_GTGGCC_L002_R1_001.fastq","MURI_40_SA14043_GTGGCC_L003_R1_001.fastq",,,,,"MURI_40_SA14043_GTGGCC_L002_R2_001.fastq","MURI_40_SA14043_GTGGCC_L003_R2_001.fastq",,,,,40
"26","MURI_41 ","MURI_41_SA14043_ATTCCT_L002_R1_001.fastq","MURI_41_SA14043_ATTCCT_L003_R1_001.fastq",,,,,"MURI_41_SA14043_ATTCCT_L002_R2_001.fastq","MURI_41_SA14043_ATTCCT_L003_R2_001.fastq",,,,,41
"27","MURI_42 ","MURI_42_SA14043_GAGTGG_L002_R1_001.fastq","MURI_42_SA14043_GAGTGG_L003_R1_001.fastq",,,,,"MURI_42_SA14043_GAGTGG_L002_R2_001.fastq","MURI_42_SA14043_GAGTGG_L003_R2_001.fastq",,,,,42
"28","MURI_43 ","MURI_43_SA14140_GGCTAC_L004_R1_001.fastq",,,,,,"MURI_43_SA14140_GGCTAC_L004_R2_001.fastq",,,,,,43
"29","MURI_44 ","MURI_44_SA14140_CTTGTA_L004_R1_001.fastq",,,,,,"MURI_44_SA14140_CTTGTA_L004_R2_001.fastq",,,,,,44
"30","MURI_45 ","MURI_45_SA14140_AGTCAA_L004_R1_001.fastq",,,,,,"MURI_45_SA14140_AGTCAA_L004_R2_001.fastq",,,,,,45
"31","MURI_46 ","MURI_46_SA14140_AGTTCC_L004_R1_001.fastq",,,,,,"MURI_46_SA14140_AGTTCC_L004_R2_001.fastq",,,,,,46
"32","MURI_47 ","MURI_47_SA14140_ATGTCA_L004_R1_001.fastq","MURI_47_SA15008_ATGTCA_L001_R1_001.fastq",,,,,"MURI_47_SA14140_ATGTCA_L004_R2_001.fastq","MURI_47_SA15008_ATGTCA_L001_R2_001.fastq",,,,,47
"33","MURI_48 ","MURI_48_SA14155_CCGTCC_L008_R1_001.fastq","MURI_48_SA15008_CCGTCC_L001_R1_001.fastq",,,,,"MURI_48_SA14155_CCGTCC_L008_R2_001.fastq","MURI_48_SA15008_CCGTCC_L001_R2_001.fastq",,,,,48
"34","MURI_49 ","MURI_49_SA14155_GTGGCC_L008_R1_001.fastq",,,,,,"MURI_49_SA14155_GTGGCC_L008_R2_001.fastq",,,,,,49
"35","MURI_50 ","MURI_50_SA14155_GTCCGC_L008_R1_001.fastq",,,,,,"MURI_50_SA14155_GTCCGC_L008_R2_001.fastq",,,,,,50
"36","MURI_52 ","MURI_52_SA14140_GTGGCC_L002_R1_001.fastq",,,,,,"MURI_52_SA14140_GTGGCC_L002_R2_001.fastq",,,,,,52
"37","MURI_53 ","MURI_53_SA14155_ACTGAT_L008_R1_001.fastq",,,,,,"MURI_53_SA14155_ACTGAT_L008_R2_001.fastq",,,,,,53
"38","MURI_54 ","MURI_54_SA14155_ATTCCT_L008_R1_001.fastq",,,,,,"MURI_54_SA14155_ATTCCT_L008_R2_001.fastq",,,,,,54
"39","MURI_55 ","MURI_55_SA14200_ATCACG_L007_R1_001.fastq","MURI_55_SA14200_ATCACG_L008_R1_001.fastq",,,,,"MURI_55_SA14200_ATCACG_L007_R2_001.fastq","MURI_55_SA14200_ATCACG_L008_R2_001.fastq",,,,,55
"40","MURI_56 ","MURI_56_SA14155_TTAGGC_L008_R1_001.fastq",,,,,,"MURI_56_SA14155_TTAGGC_L008_R2_001.fastq",,,,,,56
"41","MURI_57 ","MURI_57_SA14155_TGACCA_L008_R1_001.fastq",,,,,,"MURI_57_SA14155_TGACCA_L008_R2_001.fastq",,,,,,57
"42","MURI_58 ","MURI_58_SA14155_ACAGTG_L008_R1_001.fastq","MURI_58_SA15008_ACAGTG_L001_R1_001.fastq",,,,,"MURI_58_SA14155_ACAGTG_L008_R2_001.fastq","MURI_58_SA15008_ACAGTG_L001_R2_001.fastq",,,,,58
"43","MURI_59 ","MURI_59_SA15156_CCGTCC_L004_R1_001.fastq",,,,,,"MURI_59_SA15156_CCGTCC_L004_R2_001.fastq",,,,,,59
"44","MURI_61 ","MURI_61_SA14155_ACTTGA_L008_R1_001.fastq",,,,,,"MURI_61_SA14155_ACTTGA_L008_R2_001.fastq",,,,,,61
"45","MURI_63 ","MURI_63_SA15156_GTGAAA_L004_R1_001.fastq",,,,,,"MURI_63_SA15156_GTGAAA_L004_R2_001.fastq",,,,,,63
"46","MURI_64 ","MURI_64_SA14141_ATCACG_L003_R1_001.fastq",,,,,,"MURI_64_SA14141_ATCACG_L003_R2_001.fastq",,,,,,64
"47","MURI_65 ","MURI_65_SA14141_TTAGGC_L003_R1_001.fastq","MURI_65_SA15008_TTAGGC_L001_R1_001.fastq",,,,,"MURI_65_SA14141_TTAGGC_L003_R2_001.fastq","MURI_65_SA15008_TTAGGC_L001_R2_001.fastq",,,,,65
"48","MURI_66 ","MURI_66_SA14141_TGACCA_L003_R1_001.fastq","MURI_66_SA15008_TGACCA_L001_R1_001.fastq",,,,,"MURI_66_SA14141_TGACCA_L003_R2_001.fastq","MURI_66_SA15008_TGACCA_L001_R2_001.fastq",,,,,66
"49","MURI_67 ","MURI_67_SA14141_ACAGTG_L003_R1_001.fastq","MURI_67_SA15156_GTGGCC_L004_R1_001.fastq",,,,,"MURI_67_SA14141_ACAGTG_L003_R2_001.fastq","MURI_67_SA15156_GTGGCC_L004_R2_001.fastq",,,,,67
"50","MURI_68 ","MURI_68_SA14155_GCCAAT_L008_R1_001.fastq","MURI_68_SA15008_GCCAAT_L001_R1_001.fastq",,,,,"MURI_68_SA14155_GCCAAT_L008_R2_001.fastq","MURI_68_SA15008_GCCAAT_L001_R2_001.fastq",,,,,68
"51","MURI_69 ","MURI_69_SA14155_CAGATC_L008_R1_001.fastq",,,,,,"MURI_69_SA14155_CAGATC_L008_R2_001.fastq",,,,,,69
"52","MURI_70 ","MURI_70_SA14140_ACTTGA_L002_R1_001.fastq","MURI_70_SA14141_ACTTGA_L004_R1_001.fastq",,,,,"MURI_70_SA14140_ACTTGA_L002_R2_001.fastq","MURI_70_SA14141_ACTTGA_L004_R2_001.fastq",,,,,70
"53","MURI_71 ","MURI_71_SA14155_GATCAG_L008_R1_001.fastq",,,,,,"MURI_71_SA14155_GATCAG_L008_R2_001.fastq",,,,,,71
"54","MURI_72 ","MURI_72_SA14155_TAGCTT_L008_R1_001.fastq",,,,,,"MURI_72_SA14155_TAGCTT_L008_R2_001.fastq",,,,,,72
"55","MURI_73 ","MURI_73_SA14155_GGCTAC_L008_R1_001.fastq","MURI_73_SA15008_GGCTAC_L001_R1_001.fastq",,,,,"MURI_73_SA14155_GGCTAC_L008_R2_001.fastq","MURI_73_SA15008_GGCTAC_L001_R2_001.fastq",,,,,73
"56","MURI_74 ","MURI_74_SA14155_CTTGTA_L008_R1_001.fastq",,,,,,"MURI_74_SA14155_CTTGTA_L008_R2_001.fastq",,,,,,74
"57","MURI_75 ","MURI_75_SA14155_AGTCAA_L008_R1_001.fastq","MURI_75_SA15156_CGTACG_L004_R1_001.fastq",,,,,"MURI_75_SA14155_AGTCAA_L008_R2_001.fastq","MURI_75_SA15156_CGTACG_L004_R2_001.fastq",,,,,75
"58","MURI_76 ","MURI_76_SA14155_AGTTCC_L008_R1_001.fastq","MURI_76_SA15008_AGTTCC_L001_R1_001.fastq",,,,,"MURI_76_SA14155_AGTTCC_L008_R2_001.fastq","MURI_76_SA15008_AGTTCC_L001_R2_001.fastq",,,,,76
"59","MURI_77 ","MURI_77_SA14155_ATGTCA_L008_R1_001.fastq",,,,,,"MURI_77_SA14155_ATGTCA_L008_R2_001.fastq",,,,,,77
"60","MURI_79 ","MURI_79_SA14140_GTCCGC_L004_R1_001.fastq",,,,,,"MURI_79_SA14140_GTCCGC_L004_R2_001.fastq",,,,,,79
"61","MURI_80 ","MURI_80_SA14140_ATCACG_L002_R1_001.fastq","MURI_80_SA14141_ATCACG_L004_R1_001.fastq",,,,,"MURI_80_SA14140_ATCACG_L002_R2_001.fastq","MURI_80_SA14141_ATCACG_L004_R2_001.fastq",,,,,80
"62","MURI_81 ","MURI_81_SA14140_GTGGCC_L004_R1_001.fastq",,,,,,"MURI_81_SA14140_GTGGCC_L004_R2_001.fastq",,,,,,81
"63","MURI_82 ","MURI_82_SA14140_ACTGAT_L004_R1_001.fastq",,,,,,"MURI_82_SA14140_ACTGAT_L004_R2_001.fastq",,,,,,82
"64","MURI_83 ","MURI_83_SA14140_ATTCCT_L004_R1_001.fastq","MURI_83_SA15156_ATCACG_L004_R1_001.fastq",,,,,"MURI_83_SA14140_ATTCCT_L004_R2_001.fastq","MURI_83_SA15156_ATCACG_L004_R2_001.fastq",,,,,83
"65","MURI_84 ","MURI_84_SA14140_ATCACG_L004_R1_001.fastq",,,,,,"MURI_84_SA14140_ATCACG_L004_R2_001.fastq",,,,,,84
"66","MURI_85 ","MURI_85_SA14140_TTAGGC_L004_R1_001.fastq",,,,,,"MURI_85_SA14140_TTAGGC_L004_R2_001.fastq",,,,,,85
"67","MURI_86 ","MURI_86_SA14140_TGACCA_L004_R1_001.fastq",,,,,,"MURI_86_SA14140_TGACCA_L004_R2_001.fastq",,,,,,86
"68","MURI_87 ","MURI_87_SA14140_ACAGTG_L004_R1_001.fastq",,,,,,"MURI_87_SA14140_ACAGTG_L004_R2_001.fastq",,,,,,87
"69","MURI_88 ","MURI_88_SA14140_GCCAAT_L004_R1_001.fastq",,,,,,"MURI_88_SA14140_GCCAAT_L004_R2_001.fastq",,,,,,88
"70","MURI_89 ","MURI_89_SA14140_CAGATC_L004_R1_001.fastq",,,,,,"MURI_89_SA14140_CAGATC_L004_R2_001.fastq",,,,,,89
"71","MURI_90 ","MURI_90_SA14140_ACTTGA_L004_R1_001.fastq",,,,,,"MURI_90_SA14140_ACTTGA_L004_R2_001.fastq",,,,,,90
"72","MURI_91 ","MURI_91_SA14140_GATCAG_L004_R1_001.fastq",,,,,,"MURI_91_SA14140_GATCAG_L004_R2_001.fastq",,,,,,91
"73","MURI_92 ","MURI_92_SA14140_TAGCTT_L004_R1_001.fastq","MURI_92_SA15008_TAGCTT_L001_R1_001.fastq",,,,,"MURI_92_SA14140_TAGCTT_L004_R2_001.fastq","MURI_92_SA15008_TAGCTT_L001_R2_001.fastq",,,,,92
"74","MURI_93 ","MURI_93_SA14141_GGCTAC_L003_R1_001.fastq",,,,,,"MURI_93_SA14141_GGCTAC_L003_R2_001.fastq",,,,,,93
"75","MURI_94 ","MURI_94_SA14140_CTTGTA_L001_R1_001.fastq",,,,,,"MURI_94_SA14140_CTTGTA_L001_R2_001.fastq",,,,,,94
"76","MURI_95 ","MURI_95_SA14140_AGTCAA_L001_R1_001.fastq",,,,,,"MURI_95_SA14140_AGTCAA_L001_R2_001.fastq",,,,,,95
"77","MURI_96 ","MURI_96_SA14140_AGTTCC_L001_R1_001.fastq","MURI_96_SA15008_AGTTCC_L004_R1_001.fastq",,,,,"MURI_96_SA14140_AGTTCC_L001_R2_001.fastq","MURI_96_SA15008_AGTTCC_L004_R2_001.fastq",,,,,96
"78","MURI_97 ","MURI_97_SA14008_ATCACG_L005_R1_001.fastq","MURI_97_SA14008_ATCACG_L006_R1_001.fastq","MURI_97_SA14140_ATGTCA_L001_R1_001.fastq",,,,"MURI_97_SA14008_ATCACG_L005_R2_001.fastq","MURI_97_SA14008_ATCACG_L006_R2_001.fastq","MURI_97_SA14140_ATGTCA_L001_R2_001.fastq",,,,97
"79","MURI_98 ","MURI_98_SA14008_TTAGGC_L005_R1_001.fastq","MURI_98_SA14008_TTAGGC_L006_R1_001.fastq","MURI_98_SA14140_CCGTCC_L001_R1_001.fastq",,,,"MURI_98_SA14008_TTAGGC_L005_R2_001.fastq","MURI_98_SA14008_TTAGGC_L006_R2_001.fastq","MURI_98_SA14140_CCGTCC_L001_R2_001.fastq",,,,98
"80","MURI_99 ","MURI_99_SA14008_TGACCA_L005_R1_001.fastq","MURI_99_SA14008_TGACCA_L006_R1_001.fastq","MURI_99_SA14140_GTCCGC_L001_R1_001.fastq",,,,"MURI_99_SA14008_TGACCA_L005_R2_001.fastq","MURI_99_SA14008_TGACCA_L006_R2_001.fastq","MURI_99_SA14140_GTCCGC_L001_R2_001.fastq",,,,99
"81","MURI_100 ","MURI_100_SA14008_ACAGTG_L006_R1_001.fastq","MURI_100_SA14140_GTGGCC_L001_R1_001.fastq",,,,,"MURI_100_SA14008_ACAGTG_L005_R2_001.fastq","MURI_100_SA14008_ACAGTG_L006_R2_001.fastq","MURI_100_SA14140_GTGGCC_L001_R2_001.fastq",,,,100
"82","MURI_101 ","MURI_101_SA14008_GCCAAT_L005_R1_001.fastq","MURI_101_SA14008_GCCAAT_L006_R1_001.fastq","MURI_101_SA14140_ACTGAT_L001_R1_001.fastq",,,,"MURI_101_SA14008_GCCAAT_L005_R2_001.fastq","MURI_101_SA14008_GCCAAT_L006_R2_001.fastq","MURI_101_SA14140_ACTGAT_L001_R2_001.fastq",,,,101
"83","MURI_102 ","MURI_102_SA14008_CAGATC_L005_R1_001.fastq","MURI_102_SA14008_CAGATC_L006_R1_001.fastq","MURI_102_SA14032_CAGATC_L006_R1_001.fastq","MURI_102_SA14140_ATTCCT_L001_R1_001.fastq",,,"MURI_102_SA14008_CAGATC_L005_R2_001.fastq","MURI_102_SA14008_CAGATC_L006_R2_001.fastq","MURI_102_SA14032_CAGATC_L006_R2_001.fastq","MURI_102_SA14140_ATTCCT_L001_R2_001.fastq",,,102
"84","MURI_103 ","MURI_103_SA14008_ACTTGA_L005_R1_001.fastq","MURI_103_SA14008_ACTTGA_L006_R1_001.fastq","MURI_103_SA14032_ACTTGA_L006_R1_001.fastq",,,,"MURI_103_SA14008_ACTTGA_L005_R2_001.fastq","MURI_103_SA14008_ACTTGA_L006_R2_001.fastq","MURI_103_SA14032_ACTTGA_L006_R2_001.fastq",,,,103
"85","MURI_104 ","MURI_104_SA14008_GATCAG_L005_R1_001.fastq","MURI_104_SA14008_GATCAG_L006_R1_001.fastq","MURI_104_SA14008_GATCAG_L007_R1_001.fastq","MURI_104_SA14008_GATCAG_L008_R1_001.fastq","MURI_104_SA14200_ATCACG_L002_R1_001.fastq",,"MURI_104_SA14008_GATCAG_L005_R2_001.fastq","MURI_104_SA14008_GATCAG_L006_R2_001.fastq","MURI_104_SA14008_GATCAG_L007_R2_001.fastq","MURI_104_SA14008_GATCAG_L008_R2_001.fastq","MURI_104_SA14200_ATCACG_L002_R2_001.fastq",,104
"86","MURI_105 ","MURI_105_SA14008_TAGCTT_L005_R1_001.fastq","MURI_105_SA14008_TAGCTT_L006_R1_001.fastq","MURI_105_SA14008_TAGCTT_L007_R1_001.fastq","MURI_105_SA14008_TAGCTT_L008_R1_001.fastq","MURI_105_SA14200_TTAGGC_L007_R1_001.fastq","MURI_105_SA14200_TTAGGC_L008_R1_001.fastq","MURI_105_SA14008_TAGCTT_L005_R2_001.fastq","MURI_105_SA14008_TAGCTT_L006_R2_001.fastq","MURI_105_SA14008_TAGCTT_L007_R2_001.fastq","MURI_105_SA14008_TAGCTT_L008_R2_001.fastq","MURI_105_SA14200_TTAGGC_L007_R2_001.fastq","MURI_105_SA14200_TTAGGC_L008_R2_001.fastq",105
"87","MURI_106 ","MURI_106_SA14200_TGACCA_L007_R1_001.fastq","MURI_106_SA14200_TGACCA_L008_R1_001.fastq",,,,,"MURI_106_SA14200_TGACCA_L007_R2_001.fastq","MURI_106_SA14200_TGACCA_L008_R2_001.fastq",,,,,106
"88","MURI_107 ","MURI_107_SA14140_ACAGTG_L001_R1_001.fastq",,,,,,"MURI_107_SA14140_ACAGTG_L001_R2_001.fastq",,,,,,107
"89","MURI_108 ","MURI_108_SA14140_GCCAAT_L001_R1_001.fastq",,,,,,"MURI_108_SA14140_GCCAAT_L001_R2_001.fastq",,,,,,108
"90","MURI_109 ","MURI_109_SA14140_CAGATC_L001_R1_001.fastq",,,,,,"MURI_109_SA14140_CAGATC_L001_R2_001.fastq",,,,,,109
"91","MURI_110 ","MURI_110_SA14140_ACTTGA_L001_R1_001.fastq",,,,,,"MURI_110_SA14140_ACTTGA_L001_R2_001.fastq",,,,,,110
"92","MURI_111 ","MURI_111_SA14140_GATCAG_L001_R1_001.fastq",,,,,,"MURI_111_SA14140_GATCAG_L001_R2_001.fastq",,,,,,111
"93","MURI_112 ","MURI_112_SA14140_TAGCTT_L001_R1_001.fastq",,,,,,"MURI_112_SA14140_TAGCTT_L001_R2_001.fastq",,,,,,112
"94","MURI_113 ","MURI_113_SA14140_GGCTAC_L001_R1_001.fastq",,,,,,"MURI_113_SA14140_GGCTAC_L001_R2_001.fastq",,,,,,113
"95","MURI_114 ","MURI_114_SA14140_CTTGTA_L003_R1_001.fastq","MURI_114_SA15008_CTTGTA_L001_R1_001.fastq",,,,,"MURI_114_SA14140_CTTGTA_L003_R2_001.fastq","MURI_114_SA15008_CTTGTA_L001_R2_001.fastq",,,,,114
"96","MURI_115 ","MURI_115_SA14140_AGTCAA_L003_R1_001.fastq",,,,,,"MURI_115_SA14140_AGTCAA_L003_R2_001.fastq",,,,,,115
"97","MURI_116 ","MURI_116_SA14140_AGTTCC_L003_R1_001.fastq",,,,,,"MURI_116_SA14140_AGTTCC_L003_R2_001.fastq",,,,,,116
"98","MURI_117 ","MURI_117_SA14140_ATGTCA_L003_R1_001.fastq",,,,,,"MURI_117_SA14140_ATGTCA_L003_R2_001.fastq",,,,,,117
"99","MURI_118 ","MURI_118_SA14140_CCGTCC_L003_R1_001.fastq",,,,,,"MURI_118_SA14140_CCGTCC_L003_R2_001.fastq",,,,,,118
"100","MURI_119 ","MURI_119_SA14140_GTCCGC_L003_R1_001.fastq",,,,,,"MURI_119_SA14140_GTCCGC_L003_R2_001.fastq",,,,,,119
"101","MURI_120 ","MURI_120_SA14140_GTGGCC_L003_R1_001.fastq",,,,,,"MURI_120_SA14140_GTGGCC_L003_R2_001.fastq",,,,,,120
"102","MURI_121 ","MURI_121_SA14140_GTTTCG_L003_R1_001.fastq",,,,,,"MURI_121_SA14140_GTTTCG_L003_R2_001.fastq",,,,,,121
"103","MURI_122 ","MURI_122_SA14140_ACTGAT_L003_R1_001.fastq",,,,,,"MURI_122_SA14140_ACTGAT_L003_R2_001.fastq",,,,,,122
"104","MURI_123 ","MURI_123_SA14140_ATTCCT_L003_R1_001.fastq",,,,,,"MURI_123_SA14140_ATTCCT_L003_R2_001.fastq",,,,,,123
"105","MURI_124 ","MURI_124_SA14200_ATCACG_L006_R1_001.fastq","MURI_124_SA15008_ATCACG_L001_R1_001.fastq",,,,,"MURI_124_SA14200_ATCACG_L006_R2_001.fastq","MURI_124_SA15008_ATCACG_L001_R2_001.fastq",,,,,124
"106","MURI_125 ","MURI_125_SA14141_TTAGGC_L004_R1_001.fastq",,,,,,"MURI_125_SA14141_TTAGGC_L004_R2_001.fastq",,,,,,125
"107","MURI_126 ","MURI_126_SA14141_TGACCA_L004_R1_001.fastq","MURI_126_SA15008_TGACCA_L003_R1_001.fastq",,,,,"MURI_126_SA14141_TGACCA_L004_R2_001.fastq","MURI_126_SA15008_TGACCA_L003_R2_001.fastq",,,,,126
"108","MURI_127 ","MURI_127_SA14140_ACAGTG_L003_R1_001.fastq",,,,,,"MURI_127_SA14140_ACAGTG_L003_R2_001.fastq",,,,,,127
"109","MURI_128 ","MURI_128_SA14140_GCCAAT_L003_R1_001.fastq",,,,,,"MURI_128_SA14140_GCCAAT_L003_R2_001.fastq",,,,,,128
"110","MURI_129 ","MURI_129_SA14140_CAGATC_L003_R1_001.fastq",,,,,,"MURI_129_SA14140_CAGATC_L003_R2_001.fastq",,,,,,129
"111","MURI_130 ","MURI_130_SA14140_ACTTGA_L003_R1_001.fastq","MURI_130_SA15156_CGATGT_L004_R1_001.fastq",,,,,"MURI_130_SA14140_ACTTGA_L003_R2_001.fastq","MURI_130_SA15156_CGATGT_L004_R2_001.fastq",,,,,130
"112","MURI_131 ","MURI_131_SA14140_GATCAG_L003_R1_001.fastq",,,,,,"MURI_131_SA14140_GATCAG_L003_R2_001.fastq",,,,,,131
"113","MURI_132 ","MURI_132_SA14140_TAGCTT_L003_R1_001.fastq",,,,,,"MURI_132_SA14140_TAGCTT_L003_R2_001.fastq",,,,,,132
"114","MURI_133 ","MURI_133_SA14140_GGCTAC_L003_R1_001.fastq",,,,,,"MURI_133_SA14140_GGCTAC_L003_R2_001.fastq",,,,,,133
"115","MURI_134 ","MURI_134_SA14141_CTTGTA_L003_R1_001.fastq","MURI_134_SA15156_TTAGGC_L004_R1_001.fastq",,,,,"MURI_134_SA14141_CTTGTA_L003_R2_001.fastq","MURI_134_SA15156_TTAGGC_L004_R2_001.fastq",,,,,134
"116","MURI_135 ","MURI_135_SA14217_ATCACG_L003_R1_001.fastq","MURI_135_SA14217_ATCACG_L004_R1_001.fastq",,,,,"MURI_135_SA14217_ATCACG_L003_R2_001.fastq","MURI_135_SA14217_ATCACG_L004_R2_001.fastq",,,,,135
"117","MURI_136 ","MURI_136_SA14141_CAGATC_L003_R1_001.fastq",,,,,,"MURI_136_SA14141_CAGATC_L003_R2_001.fastq",,,,,,136
"118","MURI_137 ","MURI_137_SA14141_ACTTGA_L003_R1_001.fastq","MURI_137_SA15008_ACTTGA_L001_R1_001.fastq",,,,,"MURI_137_SA14141_ACTTGA_L003_R2_001.fastq","MURI_137_SA15008_ACTTGA_L001_R2_001.fastq",,,,,137
"119","MURI_138 ","MURI_138_SA14141_GATCAG_L003_R1_001.fastq",,,,,,"MURI_138_SA14141_GATCAG_L003_R2_001.fastq",,,,,,138
"120","MURI_139 ","MURI_139_SA14141_TAGCTT_L003_R1_001.fastq","MURI_139_SA15156_TGACCA_L004_R1_001.fastq",,,,,"MURI_139_SA14141_TAGCTT_L003_R2_001.fastq","MURI_139_SA15156_TGACCA_L004_R2_001.fastq",,,,,139
"121","MURI_140 ","MURI_140_SA14140_GGCTAC_L002_R1_001.fastq",,,,,,"MURI_140_SA14140_GGCTAC_L002_R2_001.fastq",,,,,,140
"122","MURI_141 ","MURI_141_SA14140_CTTGTA_L002_R1_001.fastq","MURI_141_SA14141_CTTGTA_L004_R1_001.fastq",,,,,"MURI_141_SA14140_CTTGTA_L002_R2_001.fastq","MURI_141_SA14141_CTTGTA_L004_R2_001.fastq",,,,,141
"123","MURI_142 ","MURI_142_SA14141_AGTCAA_L003_R1_001.fastq",,,,,,"MURI_142_SA14141_AGTCAA_L003_R2_001.fastq",,,,,,142
"124","MURI_143 ","MURI_143_SA14141_AGTTCC_L003_R1_001.fastq",,,,,,"MURI_143_SA14141_AGTTCC_L003_R2_001.fastq",,,,,,143
"125","MURI_144 ","MURI_144_SA14141_ATGTCA_L003_R1_001.fastq",,,,,,"MURI_144_SA14141_ATGTCA_L003_R2_001.fastq",,,,,,144
"126","MURI_145 ","MURI_145_SA14141_CCGTCC_L003_R1_001.fastq",,,,,,"MURI_145_SA14141_CCGTCC_L003_R2_001.fastq",,,,,,145
"127","MURI_146 ","MURI_146_SA14141_GTCCGC_L003_R1_001.fastq",,,,,,"MURI_146_SA14141_GTCCGC_L003_R2_001.fastq",,,,,,146
"128","MURI_147 ","MURI_147_SA14155_GTGAAA_L008_R1_001.fastq","MURI_147_SA15008_GTGAAA_L001_R1_001.fastq",,,,,"MURI_147_SA14155_GTGAAA_L008_R2_001.fastq","MURI_147_SA15008_GTGAAA_L001_R2_001.fastq",,,,,147
"129","MURI_148 ","MURI_148_SA14141_GTGGCC_L003_R1_001.fastq","MURI_148_SA15156_ACAGTG_L004_R1_001.fastq",,,,,"MURI_148_SA14141_GTGGCC_L003_R2_001.fastq","MURI_148_SA15156_ACAGTG_L004_R2_001.fastq",,,,,148
"130","MURI_149 ","MURI_149_SA14155_CGTACG_L008_R1_001.fastq","MURI_149_SA15156_GCCAAT_L004_R1_001.fastq",,,,,"MURI_149_SA14155_CGTACG_L008_R2_001.fastq","MURI_149_SA15156_GCCAAT_L004_R2_001.fastq",,,,,149
"131","MURI_150 ","MURI_150_SA14155_GAGTGG_L008_R1_001.fastq","MURI_150_SA15156_CAGATC_L004_R1_001.fastq",,,,,"MURI_150_SA14155_GAGTGG_L008_R2_001.fastq","MURI_150_SA15156_CAGATC_L004_R2_001.fastq",,,,,150
"132","MURI_151 ","MURI_151_SA14140_ACTGAT_L002_R1_001.fastq","MURI_151_SA15156_ACTTGA_L004_R1_001.fastq",,,,,"MURI_151_SA14140_ACTGAT_L002_R2_001.fastq","MURI_151_SA15156_ACTTGA_L004_R2_001.fastq",,,,,151
"133","MURI_152 ","MURI_152_SA14140_ATTCCT_L002_R1_001.fastq","MURI_152_SA14141_ATTCCT_L004_R1_001.fastq",,,,,"MURI_152_SA14140_ATTCCT_L002_R2_001.fastq","MURI_152_SA14141_ATTCCT_L004_R2_001.fastq",,,,,152
"134","MURI_153 ","MURI_153_SA14217_ATCACG_L007_R1_001.fastq",,,,,,"MURI_153_SA14217_ATCACG_L007_R2_001.fastq",,,,,,153
"135","MURI_154 ","MURI_154_SA14141_CAGATC_L002_R1_001.fastq",,,,,,"MURI_154_SA14141_CAGATC_L002_R2_001.fastq",,,,,,154
"136","MURI_155 ","MURI_155_SA14141_ACTTGA_L002_R1_001.fastq",,,,,,"MURI_155_SA14141_ACTTGA_L002_R2_001.fastq",,,,,,155
"137","MURI_156 ","MURI_156_SA14141_GATCAG_L002_R1_001.fastq",,,,,,"MURI_156_SA14141_GATCAG_L002_R2_001.fastq",,,,,,156
"138","MURI_157 ","MURI_157_SA14141_TAGCTT_L002_R1_001.fastq","MURI_157_SA15015_TAGCTT_L007_R1_001.fastq","MURI_157_SA15015_TAGCTT_L008_R1_001.fastq",,,,"MURI_157_SA14141_TAGCTT_L002_R2_001.fastq","MURI_157_SA15015_TAGCTT_L007_R2_001.fastq","MURI_157_SA15015_TAGCTT_L008_R2_001.fastq",,,,157
"139","MURI_158 ","MURI_158_SA14141_GGCTAC_L002_R1_001.fastq","MURI_158_SA15015_GGCTAC_L007_R1_001.fastq","MURI_158_SA15015_GGCTAC_L008_R1_001.fastq",,,,"MURI_158_SA14141_GGCTAC_L002_R2_001.fastq","MURI_158_SA15015_GGCTAC_L007_R2_001.fastq","MURI_158_SA15015_GGCTAC_L008_R2_001.fastq",,,,158
"140","MURI_159 ","MURI_159_SA14141_CTTGTA_L002_R1_001.fastq","MURI_159_SA15015_CTTGTA_L007_R1_001.fastq","MURI_159_SA15015_CTTGTA_L008_R1_001.fastq",,,,"MURI_159_SA14141_CTTGTA_L002_R2_001.fastq","MURI_159_SA15015_CTTGTA_L007_R2_001.fastq","MURI_159_SA15015_CTTGTA_L008_R2_001.fastq",,,,159
"141","MURI_160 ","MURI_160_SA14141_AGTCAA_L002_R1_001.fastq","MURI_160_SA15015_AGTCAA_L007_R1_001.fastq","MURI_160_SA15015_AGTCAA_L008_R1_001.fastq",,,,"MURI_160_SA14141_AGTCAA_L002_R2_001.fastq","MURI_160_SA15015_AGTCAA_L007_R2_001.fastq","MURI_160_SA15015_AGTCAA_L008_R2_001.fastq",,,,160
"142","MURI_161 ","MURI_161_SA14141_AGTTCC_L002_R1_001.fastq",,,,,,"MURI_161_SA14141_AGTTCC_L002_R2_001.fastq",,,,,,161
"143","MURI_162 ","MURI_162_SA14141_ATGTCA_L002_R1_001.fastq",,,,,,"MURI_162_SA14141_ATGTCA_L002_R2_001.fastq",,,,,,162
"144","MURI_163 ","MURI_163_SA14141_CCGTCC_L004_R1_001.fastq",,,,,,"MURI_163_SA14141_CCGTCC_L004_R2_001.fastq",,,,,,163
"145","MURI_164 ","MURI_164_SA14141_GTCCGC_L002_R1_001.fastq",,,,,,"MURI_164_SA14141_GTCCGC_L002_R2_001.fastq",,,,,,164
"146","MURI_165 ","MURI_165_SA14141_GTGAAA_L002_R1_001.fastq",,,,,,"MURI_165_SA14141_GTGAAA_L002_R2_001.fastq",,,,,,165
"147","MURI_166 ","MURI_166_SA14141_GTGGCC_L002_R1_001.fastq",,,,,,"MURI_166_SA14141_GTGGCC_L002_R2_001.fastq",,,,,,166
"148","MURI_167 ","MURI_167_SA14141_CGTACG_L002_R1_001.fastq","MURI_167_SA15015_CGTACG_L007_R1_001.fastq","MURI_167_SA15015_CGTACG_L008_R1_001.fastq",,,,"MURI_167_SA14141_CGTACG_L002_R2_001.fastq","MURI_167_SA15015_CGTACG_L007_R2_001.fastq","MURI_167_SA15015_CGTACG_L008_R2_001.fastq",,,,167
"149","MURI_168 ","MURI_168_SA14141_GAGTGG_L003_R1_001.fastq","MURI_168_SA15015_GAGTGG_L007_R1_001.fastq","MURI_168_SA15015_GAGTGG_L008_R1_001.fastq",,,,"MURI_168_SA14141_GAGTGG_L003_R2_001.fastq","MURI_168_SA15015_GAGTGG_L007_R2_001.fastq","MURI_168_SA15015_GAGTGG_L008_R2_001.fastq",,,,168
"150","MURI_169 ","MURI_169_SA14141_ACTGAT_L002_R1_001.fastq","MURI_169_SA15015_ACTGAT_L007_R1_001.fastq","MURI_169_SA15015_ACTGAT_L008_R1_001.fastq",,,,"MURI_169_SA14141_ACTGAT_L002_R2_001.fastq","MURI_169_SA15015_ACTGAT_L007_R2_001.fastq","MURI_169_SA15015_ACTGAT_L008_R2_001.fastq",,,,169
"151","MURI_170 ","MURI_170_SA14141_ATTCCT_L002_R1_001.fastq","MURI_170_SA15015_ATTCCT_L007_R1_001.fastq","MURI_170_SA15015_ATTCCT_L008_R1_001.fastq",,,,"MURI_170_SA14141_ATTCCT_L002_R2_001.fastq","MURI_170_SA15015_ATTCCT_L007_R2_001.fastq","MURI_170_SA15015_ATTCCT_L008_R2_001.fastq",,,,170
"152","MURI_171 ","MURI_171_SA14217_ATCACG_L006_R1_001.fastq","MURI_171_SA15015_ATCACG_L007_R1_001.fastq","MURI_171_SA15015_ATCACG_L008_R1_001.fastq",,,,"MURI_171_SA14217_ATCACG_L006_R2_001.fastq","MURI_171_SA15015_ATCACG_L007_R2_001.fastq","MURI_171_SA15015_ATCACG_L008_R2_001.fastq",,,,171
