"","MURI","MURI_num","L","SA","short_R1","short_R2"
"1","MURI_16 ",16,"L007","SA13172","MURI_16_SA13172_AGTTCC_L007_R1_001.fastq.gz","MURI_16_SA13172_AGTTCC_L007_R2_001.fastq.gz"
"2","MURI_17 ",17,"L007","SA13172","MURI_17_SA13172_ATGTCA_L007_R1_001.fastq.gz","MURI_17_SA13172_ATGTCA_L007_R2_001.fastq.gz"
"3","MURI_18 ",18,"L007","SA13172","MURI_18_SA13172_CCGTCC_L007_R1_001.fastq.gz","MURI_18_SA13172_CCGTCC_L007_R2_001.fastq.gz"
"4","MURI_18 ",18,"L007","SA14008","MURI_18_SA14008_CCGTCC_L007_R1_001.fastq.gz","MURI_18_SA14008_CCGTCC_L007_R2_001.fastq.gz"
"5","MURI_18 ",18,"L008","SA14008","MURI_18_SA14008_CCGTCC_L008_R1_001.fastq.gz","MURI_18_SA14008_CCGTCC_L008_R2_001.fastq.gz"
"6","MURI_19 ",19,"L007","SA13172","MURI_19_SA13172_GTCCGC_L007_R1_001.fastq.gz","MURI_19_SA13172_GTCCGC_L007_R2_001.fastq.gz"
"7","MURI_20 ",20,"L007","SA13172","MURI_20_SA13172_GTGAAA_L007_R1_001.fastq.gz","MURI_20_SA13172_GTGAAA_L007_R2_001.fastq.gz"
"8","MURI_21 ",21,"L007","SA13172","MURI_21_SA13172_GTGGCC_L007_R1_001.fastq.gz","MURI_21_SA13172_GTGGCC_L007_R2_001.fastq.gz"
"9","MURI_22 ",22,"L001","SA15008","MURI_22_SA15008_GTTTCG_L001_R1_001.fastq.gz","MURI_22_SA15008_GTTTCG_L001_R2_001.fastq.gz"
"10","MURI_22 ",22,"L007","SA13172","MURI_22_SA13172_GTTTCG_L007_R1_001.fastq.gz","MURI_22_SA13172_GTTTCG_L007_R2_001.fastq.gz"
"11","MURI_23 ",23,"L007","SA13172","MURI_23_SA13172_CGTACG_L007_R1_001.fastq.gz","MURI_23_SA13172_CGTACG_L007_R2_001.fastq.gz"
"12","MURI_23 ",23,"L007","SA14008","MURI_23_SA14008_CGTACG_L007_R1_001.fastq.gz","MURI_23_SA14008_CGTACG_L007_R2_001.fastq.gz"
"13","MURI_23 ",23,"L008","SA14008","MURI_23_SA14008_CGTACG_L008_R1_001.fastq.gz","MURI_23_SA14008_CGTACG_L008_R2_001.fastq.gz"
"14","MURI_24 ",24,"L007","SA13172","MURI_24_SA13172_GAGTGG_L007_R1_001.fastq.gz","MURI_24_SA13172_GAGTGG_L007_R2_001.fastq.gz"
"15","MURI_24 ",24,"L007","SA14008","MURI_24_SA14008_GAGTGG_L007_R1_001.fastq.gz","MURI_24_SA14008_GAGTGG_L007_R2_001.fastq.gz"
"16","MURI_24 ",24,"L008","SA14008","MURI_24_SA14008_GAGTGG_L008_R1_001.fastq.gz","MURI_24_SA14008_GAGTGG_L008_R2_001.fastq.gz"
"17","MURI_25 ",25,"L006","SA14027","MURI_25_SA14027_ATCACG_L006_R1_001.fastq.gz","MURI_25_SA14027_ATCACG_L006_R2_001.fastq.gz"
"18","MURI_26 ",26,"L006","SA14027","MURI_26_SA14027_TTAGGC_L006_R1_001.fastq.gz","MURI_26_SA14027_TTAGGC_L006_R2_001.fastq.gz"
"19","MURI_27 ",27,"L006","SA14027","MURI_27_SA14027_TGACCA_L006_R1_001.fastq.gz","MURI_27_SA14027_TGACCA_L006_R2_001.fastq.gz"
"20","MURI_28 ",28,"L006","SA14027","MURI_28_SA14027_ACAGTG_L006_R1_001.fastq.gz","MURI_28_SA14027_ACAGTG_L006_R2_001.fastq.gz"
"21","MURI_29 ",29,"L006","SA14027","MURI_29_SA14027_GCCAAT_L006_R1_001.fastq.gz","MURI_29_SA14027_GCCAAT_L006_R2_001.fastq.gz"
"22","MURI_30 ",30,"L006","SA14027","MURI_30_SA14027_CAGATC_L006_R1_001.fastq.gz","MURI_30_SA14027_CAGATC_L006_R2_001.fastq.gz"
"23","MURI_31 ",31,"L001","SA14043","MURI_31_SA14043_ACTTGA_L001_R1_001.fastq.gz","MURI_31_SA14043_ACTTGA_L001_R2_001.fastq.gz"
"24","MURI_31 ",31,"L006","SA14027","MURI_31_SA14027_ACTTGA_L006_R1_001.fastq.gz","MURI_31_SA14027_ACTTGA_L006_R2_001.fastq.gz"
"25","MURI_32 ",32,"L006","SA14027","MURI_32_SA14027_GATCAG_L006_R1_001.fastq.gz","MURI_32_SA14027_GATCAG_L006_R2_001.fastq.gz"
"26","MURI_33 ",33,"L006","SA14027","MURI_33_SA14027_TAGCTT_L006_R1_001.fastq.gz","MURI_33_SA14027_TAGCTT_L006_R2_001.fastq.gz"
"27","MURI_34 ",34,"L002","SA14043","MURI_34_SA14043_AGTCAA_L002_R1_001.fastq.gz","MURI_34_SA14043_AGTCAA_L002_R2_001.fastq.gz"
"28","MURI_34 ",34,"L003","SA14043","MURI_34_SA14043_AGTCAA_L003_R1_001.fastq.gz","MURI_34_SA14043_AGTCAA_L003_R2_001.fastq.gz"
"29","MURI_35 ",35,"L002","SA14043","MURI_35_SA14043_AGTTCC_L002_R1_001.fastq.gz","MURI_35_SA14043_AGTTCC_L002_R2_001.fastq.gz"
"30","MURI_35 ",35,"L003","SA14043","MURI_35_SA14043_AGTTCC_L003_R1_001.fastq.gz","MURI_35_SA14043_AGTTCC_L003_R2_001.fastq.gz"
"31","MURI_36 ",36,"L002","SA14043","MURI_36_SA14043_ATGTCA_L002_R1_001.fastq.gz","MURI_36_SA14043_ATGTCA_L002_R2_001.fastq.gz"
"32","MURI_36 ",36,"L003","SA14043","MURI_36_SA14043_ATGTCA_L003_R1_001.fastq.gz","MURI_36_SA14043_ATGTCA_L003_R2_001.fastq.gz"
"33","MURI_37 ",37,"L002","SA14043","MURI_37_SA14043_CCGTCC_L002_R1_001.fastq.gz","MURI_37_SA14043_CCGTCC_L002_R2_001.fastq.gz"
"34","MURI_37 ",37,"L003","SA14043","MURI_37_SA14043_CCGTCC_L003_R1_001.fastq.gz","MURI_37_SA14043_CCGTCC_L003_R2_001.fastq.gz"
"35","MURI_38 ",38,"L002","SA14043","MURI_38_SA14043_GTCCGC_L002_R1_001.fastq.gz","MURI_38_SA14043_GTCCGC_L002_R2_001.fastq.gz"
"36","MURI_38 ",38,"L003","SA14043","MURI_38_SA14043_GTCCGC_L003_R1_001.fastq.gz","MURI_38_SA14043_GTCCGC_L003_R2_001.fastq.gz"
"37","MURI_39 ",39,"L002","SA14043","MURI_39_SA14043_GTGAAA_L002_R1_001.fastq.gz","MURI_39_SA14043_GTGAAA_L002_R2_001.fastq.gz"
"38","MURI_39 ",39,"L003","SA14043","MURI_39_SA14043_GTGAAA_L003_R1_001.fastq.gz","MURI_39_SA14043_GTGAAA_L003_R2_001.fastq.gz"
"39","MURI_40 ",40,"L002","SA14043","MURI_40_SA14043_GTGGCC_L002_R1_001.fastq.gz","MURI_40_SA14043_GTGGCC_L002_R2_001.fastq.gz"
"40","MURI_40 ",40,"L003","SA14043","MURI_40_SA14043_GTGGCC_L003_R1_001.fastq.gz","MURI_40_SA14043_GTGGCC_L003_R2_001.fastq.gz"
"41","MURI_41 ",41,"L002","SA14043","MURI_41_SA14043_ATTCCT_L002_R1_001.fastq.gz","MURI_41_SA14043_ATTCCT_L002_R2_001.fastq.gz"
"42","MURI_41 ",41,"L003","SA14043","MURI_41_SA14043_ATTCCT_L003_R1_001.fastq.gz","MURI_41_SA14043_ATTCCT_L003_R2_001.fastq.gz"
"43","MURI_42 ",42,"L002","SA14043","MURI_42_SA14043_GAGTGG_L002_R1_001.fastq.gz","MURI_42_SA14043_GAGTGG_L002_R2_001.fastq.gz"
"44","MURI_42 ",42,"L003","SA14043","MURI_42_SA14043_GAGTGG_L003_R1_001.fastq.gz","MURI_42_SA14043_GAGTGG_L003_R2_001.fastq.gz"
"45","MURI_43 ",43,"L004","SA14140","MURI_43_SA14140_GGCTAC_L004_R1_001.fastq.gz","MURI_43_SA14140_GGCTAC_L004_R2_001.fastq.gz"
"46","MURI_44 ",44,"L004","SA14140","MURI_44_SA14140_CTTGTA_L004_R1_001.fastq.gz","MURI_44_SA14140_CTTGTA_L004_R2_001.fastq.gz"
"47","MURI_45 ",45,"L004","SA14140","MURI_45_SA14140_AGTCAA_L004_R1_001.fastq.gz","MURI_45_SA14140_AGTCAA_L004_R2_001.fastq.gz"
"48","MURI_46 ",46,"L004","SA14140","MURI_46_SA14140_AGTTCC_L004_R1_001.fastq.gz","MURI_46_SA14140_AGTTCC_L004_R2_001.fastq.gz"
"49","MURI_47 ",47,"L001","SA15008","MURI_47_SA15008_ATGTCA_L001_R1_001.fastq.gz","MURI_47_SA15008_ATGTCA_L001_R2_001.fastq.gz"
"50","MURI_47 ",47,"L004","SA14140","MURI_47_SA14140_ATGTCA_L004_R1_001.fastq.gz","MURI_47_SA14140_ATGTCA_L004_R2_001.fastq.gz"
"51","MURI_48 ",48,"L001","SA15008","MURI_48_SA15008_CCGTCC_L001_R1_001.fastq.gz","MURI_48_SA15008_CCGTCC_L001_R2_001.fastq.gz"
"52","MURI_48 ",48,"L008","SA14155","MURI_48_SA14155_CCGTCC_L008_R1_001.fastq.gz","MURI_48_SA14155_CCGTCC_L008_R2_001.fastq.gz"
"53","MURI_49 ",49,"L008","SA14155","MURI_49_SA14155_GTGGCC_L008_R1_001.fastq.gz","MURI_49_SA14155_GTGGCC_L008_R2_001.fastq.gz"
"54","MURI_50 ",50,"L008","SA14155","MURI_50_SA14155_GTCCGC_L008_R1_001.fastq.gz","MURI_50_SA14155_GTCCGC_L008_R2_001.fastq.gz"
"55","MURI_52 ",52,"L002","SA14140","MURI_52_SA14140_GTGGCC_L002_R1_001.fastq.gz","MURI_52_SA14140_GTGGCC_L002_R2_001.fastq.gz"
"56","MURI_53 ",53,"L008","SA14155","MURI_53_SA14155_ACTGAT_L008_R1_001.fastq.gz","MURI_53_SA14155_ACTGAT_L008_R2_001.fastq.gz"
"57","MURI_54 ",54,"L008","SA14155","MURI_54_SA14155_ATTCCT_L008_R1_001.fastq.gz","MURI_54_SA14155_ATTCCT_L008_R2_001.fastq.gz"
"58","MURI_55 ",55,"L007","SA14200","MURI_55_SA14200_ATCACG_L007_R1_001.fastq.gz","MURI_55_SA14200_ATCACG_L007_R2_001.fastq.gz"
"59","MURI_55 ",55,"L008","SA14200","MURI_55_SA14200_ATCACG_L008_R1_001.fastq.gz","MURI_55_SA14200_ATCACG_L008_R2_001.fastq.gz"
"60","MURI_56 ",56,"L008","SA14155","MURI_56_SA14155_TTAGGC_L008_R1_001.fastq.gz","MURI_56_SA14155_TTAGGC_L008_R2_001.fastq.gz"
"61","MURI_57 ",57,"L008","SA14155","MURI_57_SA14155_TGACCA_L008_R1_001.fastq.gz","MURI_57_SA14155_TGACCA_L008_R2_001.fastq.gz"
"62","MURI_58 ",58,"L001","SA15008","MURI_58_SA15008_ACAGTG_L001_R1_001.fastq.gz","MURI_58_SA15008_ACAGTG_L001_R2_001.fastq.gz"
"63","MURI_58 ",58,"L008","SA14155","MURI_58_SA14155_ACAGTG_L008_R1_001.fastq.gz","MURI_58_SA14155_ACAGTG_L008_R2_001.fastq.gz"
"64","MURI_59 ",59,"L004","SA15156","MURI_59_SA15156_CCGTCC_L004_R1_001.fastq.gz","MURI_59_SA15156_CCGTCC_L004_R2_001.fastq.gz"
"65","MURI_61 ",61,"L008","SA14155","MURI_61_SA14155_ACTTGA_L008_R1_001.fastq.gz","MURI_61_SA14155_ACTTGA_L008_R2_001.fastq.gz"
"66","MURI_63 ",63,"L004","SA15156","MURI_63_SA15156_GTGAAA_L004_R1_001.fastq.gz","MURI_63_SA15156_GTGAAA_L004_R2_001.fastq.gz"
"67","MURI_64 ",64,"L003","SA14141","MURI_64_SA14141_ATCACG_L003_R1_001.fastq.gz","MURI_64_SA14141_ATCACG_L003_R2_001.fastq.gz"
"68","MURI_65 ",65,"L001","SA15008","MURI_65_SA15008_TTAGGC_L001_R1_001.fastq.gz","MURI_65_SA15008_TTAGGC_L001_R2_001.fastq.gz"
"69","MURI_65 ",65,"L003","SA14141","MURI_65_SA14141_TTAGGC_L003_R1_001.fastq.gz","MURI_65_SA14141_TTAGGC_L003_R2_001.fastq.gz"
"70","MURI_66 ",66,"L001","SA15008","MURI_66_SA15008_TGACCA_L001_R1_001.fastq.gz","MURI_66_SA15008_TGACCA_L001_R2_001.fastq.gz"
"71","MURI_66 ",66,"L003","SA14141","MURI_66_SA14141_TGACCA_L003_R1_001.fastq.gz","MURI_66_SA14141_TGACCA_L003_R2_001.fastq.gz"
"72","MURI_67 ",67,"L003","SA14141","MURI_67_SA14141_ACAGTG_L003_R1_001.fastq.gz","MURI_67_SA14141_ACAGTG_L003_R2_001.fastq.gz"
"73","MURI_67 ",67,"L004","SA15156","MURI_67_SA15156_GTGGCC_L004_R1_001.fastq.gz","MURI_67_SA15156_GTGGCC_L004_R2_001.fastq.gz"
"74","MURI_68 ",68,"L001","SA15008","MURI_68_SA15008_GCCAAT_L001_R1_001.fastq.gz","MURI_68_SA15008_GCCAAT_L001_R2_001.fastq.gz"
"75","MURI_68 ",68,"L008","SA14155","MURI_68_SA14155_GCCAAT_L008_R1_001.fastq.gz","MURI_68_SA14155_GCCAAT_L008_R2_001.fastq.gz"
"76","MURI_69 ",69,"L008","SA14155","MURI_69_SA14155_CAGATC_L008_R1_001.fastq.gz","MURI_69_SA14155_CAGATC_L008_R2_001.fastq.gz"
"77","MURI_70 ",70,"L002","SA14140","MURI_70_SA14140_ACTTGA_L002_R1_001.fastq.gz","MURI_70_SA14140_ACTTGA_L002_R2_001.fastq.gz"
"78","MURI_70 ",70,"L004","SA14141","MURI_70_SA14141_ACTTGA_L004_R1_001.fastq.gz","MURI_70_SA14141_ACTTGA_L004_R2_001.fastq.gz"
"79","MURI_71 ",71,"L008","SA14155","MURI_71_SA14155_GATCAG_L008_R1_001.fastq.gz","MURI_71_SA14155_GATCAG_L008_R2_001.fastq.gz"
"80","MURI_72 ",72,"L008","SA14155","MURI_72_SA14155_TAGCTT_L008_R1_001.fastq.gz","MURI_72_SA14155_TAGCTT_L008_R2_001.fastq.gz"
"81","MURI_73 ",73,"L001","SA15008","MURI_73_SA15008_GGCTAC_L001_R1_001.fastq.gz","MURI_73_SA15008_GGCTAC_L001_R2_001.fastq.gz"
"82","MURI_73 ",73,"L008","SA14155","MURI_73_SA14155_GGCTAC_L008_R1_001.fastq.gz","MURI_73_SA14155_GGCTAC_L008_R2_001.fastq.gz"
"83","MURI_74 ",74,"L008","SA14155","MURI_74_SA14155_CTTGTA_L008_R1_001.fastq.gz","MURI_74_SA14155_CTTGTA_L008_R2_001.fastq.gz"
"84","MURI_75 ",75,"L004","SA15156","MURI_75_SA15156_CGTACG_L004_R1_001.fastq.gz","MURI_75_SA15156_CGTACG_L004_R2_001.fastq.gz"
"85","MURI_75 ",75,"L008","SA14155","MURI_75_SA14155_AGTCAA_L008_R1_001.fastq.gz","MURI_75_SA14155_AGTCAA_L008_R2_001.fastq.gz"
"86","MURI_76 ",76,"L001","SA15008","MURI_76_SA15008_AGTTCC_L001_R1_001.fastq.gz","MURI_76_SA15008_AGTTCC_L001_R2_001.fastq.gz"
"87","MURI_76 ",76,"L008","SA14155","MURI_76_SA14155_AGTTCC_L008_R1_001.fastq.gz","MURI_76_SA14155_AGTTCC_L008_R2_001.fastq.gz"
"88","MURI_77 ",77,"L008","SA14155","MURI_77_SA14155_ATGTCA_L008_R1_001.fastq.gz","MURI_77_SA14155_ATGTCA_L008_R2_001.fastq.gz"
"89","MURI_79 ",79,"L004","SA14140","MURI_79_SA14140_GTCCGC_L004_R1_001.fastq.gz","MURI_79_SA14140_GTCCGC_L004_R2_001.fastq.gz"
"90","MURI_80 ",80,"L002","SA14140","MURI_80_SA14140_ATCACG_L002_R1_001.fastq.gz","MURI_80_SA14140_ATCACG_L002_R2_001.fastq.gz"
"91","MURI_80 ",80,"L004","SA14141","MURI_80_SA14141_ATCACG_L004_R1_001.fastq.gz","MURI_80_SA14141_ATCACG_L004_R2_001.fastq.gz"
"92","MURI_81 ",81,"L004","SA14140","MURI_81_SA14140_GTGGCC_L004_R1_001.fastq.gz","MURI_81_SA14140_GTGGCC_L004_R2_001.fastq.gz"
"93","MURI_82 ",82,"L004","SA14140","MURI_82_SA14140_ACTGAT_L004_R1_001.fastq.gz","MURI_82_SA14140_ACTGAT_L004_R2_001.fastq.gz"
"94","MURI_83 ",83,"L004","SA14140","MURI_83_SA14140_ATTCCT_L004_R1_001.fastq.gz","MURI_83_SA14140_ATTCCT_L004_R2_001.fastq.gz"
"95","MURI_83 ",83,"L004","SA15156","MURI_83_SA15156_ATCACG_L004_R1_001.fastq.gz","MURI_83_SA15156_ATCACG_L004_R2_001.fastq.gz"
"96","MURI_84 ",84,"L004","SA14140","MURI_84_SA14140_ATCACG_L004_R1_001.fastq.gz","MURI_84_SA14140_ATCACG_L004_R2_001.fastq.gz"
"97","MURI_85 ",85,"L004","SA14140","MURI_85_SA14140_TTAGGC_L004_R1_001.fastq.gz","MURI_85_SA14140_TTAGGC_L004_R2_001.fastq.gz"
"98","MURI_86 ",86,"L004","SA14140","MURI_86_SA14140_TGACCA_L004_R1_001.fastq.gz","MURI_86_SA14140_TGACCA_L004_R2_001.fastq.gz"
"99","MURI_87 ",87,"L004","SA14140","MURI_87_SA14140_ACAGTG_L004_R1_001.fastq.gz","MURI_87_SA14140_ACAGTG_L004_R2_001.fastq.gz"
"100","MURI_88 ",88,"L004","SA14140","MURI_88_SA14140_GCCAAT_L004_R1_001.fastq.gz","MURI_88_SA14140_GCCAAT_L004_R2_001.fastq.gz"
"101","MURI_89 ",89,"L004","SA14140","MURI_89_SA14140_CAGATC_L004_R1_001.fastq.gz","MURI_89_SA14140_CAGATC_L004_R2_001.fastq.gz"
"102","MURI_90 ",90,"L004","SA14140","MURI_90_SA14140_ACTTGA_L004_R1_001.fastq.gz","MURI_90_SA14140_ACTTGA_L004_R2_001.fastq.gz"
"103","MURI_91 ",91,"L004","SA14140","MURI_91_SA14140_GATCAG_L004_R1_001.fastq.gz","MURI_91_SA14140_GATCAG_L004_R2_001.fastq.gz"
"104","MURI_92 ",92,"L001","SA15008","MURI_92_SA15008_TAGCTT_L001_R1_001.fastq.gz","MURI_92_SA15008_TAGCTT_L001_R2_001.fastq.gz"
"105","MURI_92 ",92,"L004","SA14140","MURI_92_SA14140_TAGCTT_L004_R1_001.fastq.gz","MURI_92_SA14140_TAGCTT_L004_R2_001.fastq.gz"
"106","MURI_93 ",93,"L003","SA14141","MURI_93_SA14141_GGCTAC_L003_R1_001.fastq.gz","MURI_93_SA14141_GGCTAC_L003_R2_001.fastq.gz"
"107","MURI_94 ",94,"L001","SA14140","MURI_94_SA14140_CTTGTA_L001_R1_001.fastq.gz","MURI_94_SA14140_CTTGTA_L001_R2_001.fastq.gz"
"108","MURI_95 ",95,"L001","SA14140","MURI_95_SA14140_AGTCAA_L001_R1_001.fastq.gz","MURI_95_SA14140_AGTCAA_L001_R2_001.fastq.gz"
"109","MURI_96 ",96,"L001","SA14140","MURI_96_SA14140_AGTTCC_L001_R1_001.fastq.gz","MURI_96_SA14140_AGTTCC_L001_R2_001.fastq.gz"
"110","MURI_96 ",96,"L004","SA15008","MURI_96_SA15008_AGTTCC_L004_R1_001.fastq.gz","MURI_96_SA15008_AGTTCC_L004_R2_001.fastq.gz"
"111","MURI_97 ",97,"L001","SA14140","MURI_97_SA14140_ATGTCA_L001_R1_001.fastq.gz","MURI_97_SA14140_ATGTCA_L001_R2_001.fastq.gz"
"112","MURI_97 ",97,"L005","SA14008","MURI_97_SA14008_ATCACG_L005_R1_001.fastq.gz","MURI_97_SA14008_ATCACG_L005_R2_001.fastq.gz"
"113","MURI_97 ",97,"L006","SA14008","MURI_97_SA14008_ATCACG_L006_R1_001.fastq.gz","MURI_97_SA14008_ATCACG_L006_R2_001.fastq.gz"
"114","MURI_98 ",98,"L001","SA14140","MURI_98_SA14140_CCGTCC_L001_R1_001.fastq.gz","MURI_98_SA14140_CCGTCC_L001_R2_001.fastq.gz"
"115","MURI_98 ",98,"L005","SA14008","MURI_98_SA14008_TTAGGC_L005_R1_001.fastq.gz","MURI_98_SA14008_TTAGGC_L005_R2_001.fastq.gz"
"116","MURI_98 ",98,"L006","SA14008","MURI_98_SA14008_TTAGGC_L006_R1_001.fastq.gz","MURI_98_SA14008_TTAGGC_L006_R2_001.fastq.gz"
"117","MURI_99 ",99,"L001","SA14140","MURI_99_SA14140_GTCCGC_L001_R1_001.fastq.gz","MURI_99_SA14140_GTCCGC_L001_R2_001.fastq.gz"
"118","MURI_99 ",99,"L005","SA14008","MURI_99_SA14008_TGACCA_L005_R1_001.fastq.gz","MURI_99_SA14008_TGACCA_L005_R2_001.fastq.gz"
"119","MURI_99 ",99,"L006","SA14008","MURI_99_SA14008_TGACCA_L006_R1_001.fastq.gz","MURI_99_SA14008_TGACCA_L006_R2_001.fastq.gz"
"120","MURI_100 ",100,"L001","SA14140","MURI_100_SA14140_GTGGCC_L001_R1_001.fastq.gz","MURI_100_SA14140_GTGGCC_L001_R2_001.fastq.gz"
"121","MURI_100 ",100,"L005","SA14008","MURI_100_SA14008_ACAGTG_L005_R1_001.fastq.gz","MURI_100_SA14008_ACAGTG_L005_R2_001.fastq.gz"
"122","MURI_100 ",100,"L006","SA14008","MURI_100_SA14008_ACAGTG_L006_R1_001.fastq.gz","MURI_100_SA14008_ACAGTG_L006_R2_001.fastq.gz"
"123","MURI_101 ",101,"L001","SA14140","MURI_101_SA14140_ACTGAT_L001_R1_001.fastq.gz","MURI_101_SA14140_ACTGAT_L001_R2_001.fastq.gz"
"124","MURI_101 ",101,"L005","SA14008","MURI_101_SA14008_GCCAAT_L005_R1_001.fastq.gz","MURI_101_SA14008_GCCAAT_L005_R2_001.fastq.gz"
"125","MURI_101 ",101,"L006","SA14008","MURI_101_SA14008_GCCAAT_L006_R1_001.fastq.gz","MURI_101_SA14008_GCCAAT_L006_R2_001.fastq.gz"
"126","MURI_102 ",102,"L001","SA14140","MURI_102_SA14140_ATTCCT_L001_R1_001.fastq.gz","MURI_102_SA14140_ATTCCT_L001_R2_001.fastq.gz"
"127","MURI_102 ",102,"L005","SA14008","MURI_102_SA14008_CAGATC_L005_R1_001.fastq.gz","MURI_102_SA14008_CAGATC_L005_R2_001.fastq.gz"
"128","MURI_102 ",102,"L006","SA14008","MURI_102_SA14008_CAGATC_L006_R1_001.fastq.gz","MURI_102_SA14008_CAGATC_L006_R2_001.fastq.gz"
"129","MURI_102 ",102,"L006","SA14032","MURI_102_SA14032_CAGATC_L006_R1_001.fastq.gz","MURI_102_SA14032_CAGATC_L006_R2_001.fastq.gz"
"130","MURI_103 ",103,"L005","SA14008","MURI_103_SA14008_ACTTGA_L005_R1_001.fastq.gz","MURI_103_SA14008_ACTTGA_L005_R2_001.fastq.gz"
"131","MURI_103 ",103,"L006","SA14008","MURI_103_SA14008_ACTTGA_L006_R1_001.fastq.gz","MURI_103_SA14008_ACTTGA_L006_R2_001.fastq.gz"
"132","MURI_103 ",103,"L006","SA14032","MURI_103_SA14032_ACTTGA_L006_R1_001.fastq.gz","MURI_103_SA14032_ACTTGA_L006_R2_001.fastq.gz"
"133","MURI_104 ",104,"L002","SA14200","MURI_104_SA14200_ATCACG_L002_R1_001.fastq.gz","MURI_104_SA14200_ATCACG_L002_R2_001.fastq.gz"
"134","MURI_104 ",104,"L005","SA14008","MURI_104_SA14008_GATCAG_L005_R1_001.fastq.gz","MURI_104_SA14008_GATCAG_L005_R2_001.fastq.gz"
"135","MURI_104 ",104,"L006","SA14008","MURI_104_SA14008_GATCAG_L006_R1_001.fastq.gz","MURI_104_SA14008_GATCAG_L006_R2_001.fastq.gz"
"136","MURI_104 ",104,"L007","SA14008","MURI_104_SA14008_GATCAG_L007_R1_001.fastq.gz","MURI_104_SA14008_GATCAG_L007_R2_001.fastq.gz"
"137","MURI_104 ",104,"L008","SA14008","MURI_104_SA14008_GATCAG_L008_R1_001.fastq.gz","MURI_104_SA14008_GATCAG_L008_R2_001.fastq.gz"
"138","MURI_105 ",105,"L005","SA14008","MURI_105_SA14008_TAGCTT_L005_R1_001.fastq.gz","MURI_105_SA14008_TAGCTT_L005_R2_001.fastq.gz"
"139","MURI_105 ",105,"L006","SA14008","MURI_105_SA14008_TAGCTT_L006_R1_001.fastq.gz","MURI_105_SA14008_TAGCTT_L006_R2_001.fastq.gz"
"140","MURI_105 ",105,"L007","SA14008","MURI_105_SA14008_TAGCTT_L007_R1_001.fastq.gz","MURI_105_SA14008_TAGCTT_L007_R2_001.fastq.gz"
"141","MURI_105 ",105,"L007","SA14200","MURI_105_SA14200_TTAGGC_L007_R1_001.fastq.gz","MURI_105_SA14200_TTAGGC_L007_R2_001.fastq.gz"
"142","MURI_105 ",105,"L008","SA14008","MURI_105_SA14008_TAGCTT_L008_R1_001.fastq.gz","MURI_105_SA14008_TAGCTT_L008_R2_001.fastq.gz"
"143","MURI_105 ",105,"L008","SA14200","MURI_105_SA14200_TTAGGC_L008_R1_001.fastq.gz","MURI_105_SA14200_TTAGGC_L008_R2_001.fastq.gz"
"144","MURI_106 ",106,"L007","SA14200","MURI_106_SA14200_TGACCA_L007_R1_001.fastq.gz","MURI_106_SA14200_TGACCA_L007_R2_001.fastq.gz"
"145","MURI_106 ",106,"L008","SA14200","MURI_106_SA14200_TGACCA_L008_R1_001.fastq.gz","MURI_106_SA14200_TGACCA_L008_R2_001.fastq.gz"
"146","MURI_107 ",107,"L001","SA14140","MURI_107_SA14140_ACAGTG_L001_R1_001.fastq.gz","MURI_107_SA14140_ACAGTG_L001_R2_001.fastq.gz"
"147","MURI_108 ",108,"L001","SA14140","MURI_108_SA14140_GCCAAT_L001_R1_001.fastq.gz","MURI_108_SA14140_GCCAAT_L001_R2_001.fastq.gz"
"148","MURI_109 ",109,"L001","SA14140","MURI_109_SA14140_CAGATC_L001_R1_001.fastq.gz","MURI_109_SA14140_CAGATC_L001_R2_001.fastq.gz"
"149","MURI_110 ",110,"L001","SA14140","MURI_110_SA14140_ACTTGA_L001_R1_001.fastq.gz","MURI_110_SA14140_ACTTGA_L001_R2_001.fastq.gz"
"150","MURI_111 ",111,"L001","SA14140","MURI_111_SA14140_GATCAG_L001_R1_001.fastq.gz","MURI_111_SA14140_GATCAG_L001_R2_001.fastq.gz"
"151","MURI_112 ",112,"L001","SA14140","MURI_112_SA14140_TAGCTT_L001_R1_001.fastq.gz","MURI_112_SA14140_TAGCTT_L001_R2_001.fastq.gz"
"152","MURI_113 ",113,"L001","SA14140","MURI_113_SA14140_GGCTAC_L001_R1_001.fastq.gz","MURI_113_SA14140_GGCTAC_L001_R2_001.fastq.gz"
"153","MURI_114 ",114,"L001","SA15008","MURI_114_SA15008_CTTGTA_L001_R1_001.fastq.gz","MURI_114_SA15008_CTTGTA_L001_R2_001.fastq.gz"
"154","MURI_114 ",114,"L003","SA14140","MURI_114_SA14140_CTTGTA_L003_R1_001.fastq.gz","MURI_114_SA14140_CTTGTA_L003_R2_001.fastq.gz"
"155","MURI_115 ",115,"L003","SA14140","MURI_115_SA14140_AGTCAA_L003_R1_001.fastq.gz","MURI_115_SA14140_AGTCAA_L003_R2_001.fastq.gz"
"156","MURI_116 ",116,"L003","SA14140","MURI_116_SA14140_AGTTCC_L003_R1_001.fastq.gz","MURI_116_SA14140_AGTTCC_L003_R2_001.fastq.gz"
"157","MURI_117 ",117,"L003","SA14140","MURI_117_SA14140_ATGTCA_L003_R1_001.fastq.gz","MURI_117_SA14140_ATGTCA_L003_R2_001.fastq.gz"
"158","MURI_118 ",118,"L003","SA14140","MURI_118_SA14140_CCGTCC_L003_R1_001.fastq.gz","MURI_118_SA14140_CCGTCC_L003_R2_001.fastq.gz"
"159","MURI_119 ",119,"L003","SA14140","MURI_119_SA14140_GTCCGC_L003_R1_001.fastq.gz","MURI_119_SA14140_GTCCGC_L003_R2_001.fastq.gz"
"160","MURI_120 ",120,"L003","SA14140","MURI_120_SA14140_GTGGCC_L003_R1_001.fastq.gz","MURI_120_SA14140_GTGGCC_L003_R2_001.fastq.gz"
"161","MURI_121 ",121,"L003","SA14140","MURI_121_SA14140_GTTTCG_L003_R1_001.fastq.gz","MURI_121_SA14140_GTTTCG_L003_R2_001.fastq.gz"
"162","MURI_122 ",122,"L003","SA14140","MURI_122_SA14140_ACTGAT_L003_R1_001.fastq.gz","MURI_122_SA14140_ACTGAT_L003_R2_001.fastq.gz"
"163","MURI_123 ",123,"L003","SA14140","MURI_123_SA14140_ATTCCT_L003_R1_001.fastq.gz","MURI_123_SA14140_ATTCCT_L003_R2_001.fastq.gz"
"164","MURI_124 ",124,"L001","SA15008","MURI_124_SA15008_ATCACG_L001_R1_001.fastq.gz","MURI_124_SA15008_ATCACG_L001_R2_001.fastq.gz"
"165","MURI_124 ",124,"L006","SA14200","MURI_124_SA14200_ATCACG_L006_R1_001.fastq.gz","MURI_124_SA14200_ATCACG_L006_R2_001.fastq.gz"
"166","MURI_125 ",125,"L004","SA14141","MURI_125_SA14141_TTAGGC_L004_R1_001.fastq.gz","MURI_125_SA14141_TTAGGC_L004_R2_001.fastq.gz"
"167","MURI_126 ",126,"L003","SA15008","MURI_126_SA15008_TGACCA_L003_R1_001.fastq.gz","MURI_126_SA15008_TGACCA_L003_R2_001.fastq.gz"
"168","MURI_126 ",126,"L004","SA14141","MURI_126_SA14141_TGACCA_L004_R1_001.fastq.gz","MURI_126_SA14141_TGACCA_L004_R2_001.fastq.gz"
"169","MURI_127 ",127,"L003","SA14140","MURI_127_SA14140_ACAGTG_L003_R1_001.fastq.gz","MURI_127_SA14140_ACAGTG_L003_R2_001.fastq.gz"
"170","MURI_128 ",128,"L003","SA14140","MURI_128_SA14140_GCCAAT_L003_R1_001.fastq.gz","MURI_128_SA14140_GCCAAT_L003_R2_001.fastq.gz"
"171","MURI_129 ",129,"L003","SA14140","MURI_129_SA14140_CAGATC_L003_R1_001.fastq.gz","MURI_129_SA14140_CAGATC_L003_R2_001.fastq.gz"
"172","MURI_130 ",130,"L003","SA14140","MURI_130_SA14140_ACTTGA_L003_R1_001.fastq.gz","MURI_130_SA14140_ACTTGA_L003_R2_001.fastq.gz"
"173","MURI_130 ",130,"L004","SA15156","MURI_130_SA15156_CGATGT_L004_R1_001.fastq.gz","MURI_130_SA15156_CGATGT_L004_R2_001.fastq.gz"
"174","MURI_131 ",131,"L003","SA14140","MURI_131_SA14140_GATCAG_L003_R1_001.fastq.gz","MURI_131_SA14140_GATCAG_L003_R2_001.fastq.gz"
"175","MURI_132 ",132,"L003","SA14140","MURI_132_SA14140_TAGCTT_L003_R1_001.fastq.gz","MURI_132_SA14140_TAGCTT_L003_R2_001.fastq.gz"
"176","MURI_133 ",133,"L003","SA14140","MURI_133_SA14140_GGCTAC_L003_R1_001.fastq.gz","MURI_133_SA14140_GGCTAC_L003_R2_001.fastq.gz"
"177","MURI_134 ",134,"L003","SA14141","MURI_134_SA14141_CTTGTA_L003_R1_001.fastq.gz","MURI_134_SA14141_CTTGTA_L003_R2_001.fastq.gz"
"178","MURI_134 ",134,"L004","SA15156","MURI_134_SA15156_TTAGGC_L004_R1_001.fastq.gz","MURI_134_SA15156_TTAGGC_L004_R2_001.fastq.gz"
"179","MURI_135 ",135,"L003","SA14217","MURI_135_SA14217_ATCACG_L003_R1_001.fastq.gz","MURI_135_SA14217_ATCACG_L003_R2_001.fastq.gz"
"180","MURI_135 ",135,"L004","SA14217","MURI_135_SA14217_ATCACG_L004_R1_001.fastq.gz","MURI_135_SA14217_ATCACG_L004_R2_001.fastq.gz"
"181","MURI_136 ",136,"L003","SA14141","MURI_136_SA14141_CAGATC_L003_R1_001.fastq.gz","MURI_136_SA14141_CAGATC_L003_R2_001.fastq.gz"
"182","MURI_137 ",137,"L001","SA15008","MURI_137_SA15008_ACTTGA_L001_R1_001.fastq.gz","MURI_137_SA15008_ACTTGA_L001_R2_001.fastq.gz"
"183","MURI_137 ",137,"L003","SA14141","MURI_137_SA14141_ACTTGA_L003_R1_001.fastq.gz","MURI_137_SA14141_ACTTGA_L003_R2_001.fastq.gz"
"184","MURI_138 ",138,"L003","SA14141","MURI_138_SA14141_GATCAG_L003_R1_001.fastq.gz","MURI_138_SA14141_GATCAG_L003_R2_001.fastq.gz"
"185","MURI_139 ",139,"L003","SA14141","MURI_139_SA14141_TAGCTT_L003_R1_001.fastq.gz","MURI_139_SA14141_TAGCTT_L003_R2_001.fastq.gz"
"186","MURI_139 ",139,"L004","SA15156","MURI_139_SA15156_TGACCA_L004_R1_001.fastq.gz","MURI_139_SA15156_TGACCA_L004_R2_001.fastq.gz"
"187","MURI_140 ",140,"L002","SA14140","MURI_140_SA14140_GGCTAC_L002_R1_001.fastq.gz","MURI_140_SA14140_GGCTAC_L002_R2_001.fastq.gz"
"188","MURI_141 ",141,"L002","SA14140","MURI_141_SA14140_CTTGTA_L002_R1_001.fastq.gz","MURI_141_SA14140_CTTGTA_L002_R2_001.fastq.gz"
"189","MURI_141 ",141,"L004","SA14141","MURI_141_SA14141_CTTGTA_L004_R1_001.fastq.gz","MURI_141_SA14141_CTTGTA_L004_R2_001.fastq.gz"
"190","MURI_142 ",142,"L003","SA14141","MURI_142_SA14141_AGTCAA_L003_R1_001.fastq.gz","MURI_142_SA14141_AGTCAA_L003_R2_001.fastq.gz"
"191","MURI_143 ",143,"L003","SA14141","MURI_143_SA14141_AGTTCC_L003_R1_001.fastq.gz","MURI_143_SA14141_AGTTCC_L003_R2_001.fastq.gz"
"192","MURI_144 ",144,"L003","SA14141","MURI_144_SA14141_ATGTCA_L003_R1_001.fastq.gz","MURI_144_SA14141_ATGTCA_L003_R2_001.fastq.gz"
"193","MURI_145 ",145,"L003","SA14141","MURI_145_SA14141_CCGTCC_L003_R1_001.fastq.gz","MURI_145_SA14141_CCGTCC_L003_R2_001.fastq.gz"
"194","MURI_146 ",146,"L003","SA14141","MURI_146_SA14141_GTCCGC_L003_R1_001.fastq.gz","MURI_146_SA14141_GTCCGC_L003_R2_001.fastq.gz"
"195","MURI_147 ",147,"L001","SA15008","MURI_147_SA15008_GTGAAA_L001_R1_001.fastq.gz","MURI_147_SA15008_GTGAAA_L001_R2_001.fastq.gz"
"196","MURI_147 ",147,"L008","SA14155","MURI_147_SA14155_GTGAAA_L008_R1_001.fastq.gz","MURI_147_SA14155_GTGAAA_L008_R2_001.fastq.gz"
"197","MURI_148 ",148,"L003","SA14141","MURI_148_SA14141_GTGGCC_L003_R1_001.fastq.gz","MURI_148_SA14141_GTGGCC_L003_R2_001.fastq.gz"
"198","MURI_148 ",148,"L004","SA15156","MURI_148_SA15156_ACAGTG_L004_R1_001.fastq.gz","MURI_148_SA15156_ACAGTG_L004_R2_001.fastq.gz"
"199","MURI_149 ",149,"L004","SA15156","MURI_149_SA15156_GCCAAT_L004_R1_001.fastq.gz","MURI_149_SA15156_GCCAAT_L004_R2_001.fastq.gz"
"200","MURI_149 ",149,"L008","SA14155","MURI_149_SA14155_CGTACG_L008_R1_001.fastq.gz","MURI_149_SA14155_CGTACG_L008_R2_001.fastq.gz"
"201","MURI_150 ",150,"L004","SA15156","MURI_150_SA15156_CAGATC_L004_R1_001.fastq.gz","MURI_150_SA15156_CAGATC_L004_R2_001.fastq.gz"
"202","MURI_150 ",150,"L008","SA14155","MURI_150_SA14155_GAGTGG_L008_R1_001.fastq.gz","MURI_150_SA14155_GAGTGG_L008_R2_001.fastq.gz"
"203","MURI_151 ",151,"L002","SA14140","MURI_151_SA14140_ACTGAT_L002_R1_001.fastq.gz","MURI_151_SA14140_ACTGAT_L002_R2_001.fastq.gz"
"204","MURI_151 ",151,"L004","SA15156","MURI_151_SA15156_ACTTGA_L004_R1_001.fastq.gz","MURI_151_SA15156_ACTTGA_L004_R2_001.fastq.gz"
"205","MURI_152 ",152,"L002","SA14140","MURI_152_SA14140_ATTCCT_L002_R1_001.fastq.gz","MURI_152_SA14140_ATTCCT_L002_R2_001.fastq.gz"
"206","MURI_152 ",152,"L004","SA14141","MURI_152_SA14141_ATTCCT_L004_R1_001.fastq.gz","MURI_152_SA14141_ATTCCT_L004_R2_001.fastq.gz"
"207","MURI_153 ",153,"L007","SA14217","MURI_153_SA14217_ATCACG_L007_R1_001.fastq.gz","MURI_153_SA14217_ATCACG_L007_R2_001.fastq.gz"
"208","MURI_154 ",154,"L002","SA14141","MURI_154_SA14141_CAGATC_L002_R1_001.fastq.gz","MURI_154_SA14141_CAGATC_L002_R2_001.fastq.gz"
"209","MURI_155 ",155,"L002","SA14141","MURI_155_SA14141_ACTTGA_L002_R1_001.fastq.gz","MURI_155_SA14141_ACTTGA_L002_R2_001.fastq.gz"
"210","MURI_156 ",156,"L002","SA14141","MURI_156_SA14141_GATCAG_L002_R1_001.fastq.gz","MURI_156_SA14141_GATCAG_L002_R2_001.fastq.gz"
"211","MURI_157 ",157,"L002","SA14141","MURI_157_SA14141_TAGCTT_L002_R1_001.fastq.gz","MURI_157_SA14141_TAGCTT_L002_R2_001.fastq.gz"
"212","MURI_157 ",157,"L007","SA15015","MURI_157_SA15015_TAGCTT_L007_R1_001.fastq.gz","MURI_157_SA15015_TAGCTT_L007_R2_001.fastq.gz"
"213","MURI_157 ",157,"L008","SA15015","MURI_157_SA15015_TAGCTT_L008_R1_001.fastq.gz","MURI_157_SA15015_TAGCTT_L008_R2_001.fastq.gz"
"214","MURI_158 ",158,"L002","SA14141","MURI_158_SA14141_GGCTAC_L002_R1_001.fastq.gz","MURI_158_SA14141_GGCTAC_L002_R2_001.fastq.gz"
"215","MURI_158 ",158,"L007","SA15015","MURI_158_SA15015_GGCTAC_L007_R1_001.fastq.gz","MURI_158_SA15015_GGCTAC_L007_R2_001.fastq.gz"
"216","MURI_158 ",158,"L008","SA15015","MURI_158_SA15015_GGCTAC_L008_R1_001.fastq.gz","MURI_158_SA15015_GGCTAC_L008_R2_001.fastq.gz"
"217","MURI_159 ",159,"L002","SA14141","MURI_159_SA14141_CTTGTA_L002_R1_001.fastq.gz","MURI_159_SA14141_CTTGTA_L002_R2_001.fastq.gz"
"218","MURI_159 ",159,"L007","SA15015","MURI_159_SA15015_CTTGTA_L007_R1_001.fastq.gz","MURI_159_SA15015_CTTGTA_L007_R2_001.fastq.gz"
"219","MURI_159 ",159,"L008","SA15015","MURI_159_SA15015_CTTGTA_L008_R1_001.fastq.gz","MURI_159_SA15015_CTTGTA_L008_R2_001.fastq.gz"
"220","MURI_160 ",160,"L002","SA14141","MURI_160_SA14141_AGTCAA_L002_R1_001.fastq.gz","MURI_160_SA14141_AGTCAA_L002_R2_001.fastq.gz"
"221","MURI_160 ",160,"L007","SA15015","MURI_160_SA15015_AGTCAA_L007_R1_001.fastq.gz","MURI_160_SA15015_AGTCAA_L007_R2_001.fastq.gz"
"222","MURI_160 ",160,"L008","SA15015","MURI_160_SA15015_AGTCAA_L008_R1_001.fastq.gz","MURI_160_SA15015_AGTCAA_L008_R2_001.fastq.gz"
"223","MURI_161 ",161,"L002","SA14141","MURI_161_SA14141_AGTTCC_L002_R1_001.fastq.gz","MURI_161_SA14141_AGTTCC_L002_R2_001.fastq.gz"
"224","MURI_162 ",162,"L002","SA14141","MURI_162_SA14141_ATGTCA_L002_R1_001.fastq.gz","MURI_162_SA14141_ATGTCA_L002_R2_001.fastq.gz"
"225","MURI_163 ",163,"L004","SA14141","MURI_163_SA14141_CCGTCC_L004_R1_001.fastq.gz","MURI_163_SA14141_CCGTCC_L004_R2_001.fastq.gz"
"226","MURI_164 ",164,"L002","SA14141","MURI_164_SA14141_GTCCGC_L002_R1_001.fastq.gz","MURI_164_SA14141_GTCCGC_L002_R2_001.fastq.gz"
"227","MURI_165 ",165,"L002","SA14141","MURI_165_SA14141_GTGAAA_L002_R1_001.fastq.gz","MURI_165_SA14141_GTGAAA_L002_R2_001.fastq.gz"
"228","MURI_166 ",166,"L002","SA14141","MURI_166_SA14141_GTGGCC_L002_R1_001.fastq.gz","MURI_166_SA14141_GTGGCC_L002_R2_001.fastq.gz"
"229","MURI_167 ",167,"L002","SA14141","MURI_167_SA14141_CGTACG_L002_R1_001.fastq.gz","MURI_167_SA14141_CGTACG_L002_R2_001.fastq.gz"
"230","MURI_167 ",167,"L007","SA15015","MURI_167_SA15015_CGTACG_L007_R1_001.fastq.gz","MURI_167_SA15015_CGTACG_L007_R2_001.fastq.gz"
"231","MURI_167 ",167,"L008","SA15015","MURI_167_SA15015_CGTACG_L008_R1_001.fastq.gz","MURI_167_SA15015_CGTACG_L008_R2_001.fastq.gz"
"232","MURI_168 ",168,"L003","SA14141","MURI_168_SA14141_GAGTGG_L003_R1_001.fastq.gz","MURI_168_SA14141_GAGTGG_L003_R2_001.fastq.gz"
"233","MURI_168 ",168,"L007","SA15015","MURI_168_SA15015_GAGTGG_L007_R1_001.fastq.gz","MURI_168_SA15015_GAGTGG_L007_R2_001.fastq.gz"
"234","MURI_168 ",168,"L008","SA15015","MURI_168_SA15015_GAGTGG_L008_R1_001.fastq.gz","MURI_168_SA15015_GAGTGG_L008_R2_001.fastq.gz"
"235","MURI_169 ",169,"L002","SA14141","MURI_169_SA14141_ACTGAT_L002_R1_001.fastq.gz","MURI_169_SA14141_ACTGAT_L002_R2_001.fastq.gz"
"236","MURI_169 ",169,"L007","SA15015","MURI_169_SA15015_ACTGAT_L007_R1_001.fastq.gz","MURI_169_SA15015_ACTGAT_L007_R2_001.fastq.gz"
"237","MURI_169 ",169,"L008","SA15015","MURI_169_SA15015_ACTGAT_L008_R1_001.fastq.gz","MURI_169_SA15015_ACTGAT_L008_R2_001.fastq.gz"
"238","MURI_170 ",170,"L002","SA14141","MURI_170_SA14141_ATTCCT_L002_R1_001.fastq.gz","MURI_170_SA14141_ATTCCT_L002_R2_001.fastq.gz"
"239","MURI_170 ",170,"L007","SA15015","MURI_170_SA15015_ATTCCT_L007_R1_001.fastq.gz","MURI_170_SA15015_ATTCCT_L007_R2_001.fastq.gz"
"240","MURI_170 ",170,"L008","SA15015","MURI_170_SA15015_ATTCCT_L008_R1_001.fastq.gz","MURI_170_SA15015_ATTCCT_L008_R2_001.fastq.gz"
"241","MURI_171 ",171,"L006","SA14217","MURI_171_SA14217_ATCACG_L006_R1_001.fastq.gz","MURI_171_SA14217_ATCACG_L006_R2_001.fastq.gz"
"242","MURI_171 ",171,"L007","SA15015","MURI_171_SA15015_ATCACG_L007_R1_001.fastq.gz","MURI_171_SA15015_ATCACG_L007_R2_001.fastq.gz"
"243","MURI_171 ",171,"L008","SA15015","MURI_171_SA15015_ATCACG_L008_R1_001.fastq.gz","MURI_171_SA15015_ATCACG_L008_R2_001.fastq.gz"
